task_name,index,model_name,score
nli,1,gpt-3.5-turbo,0
nli,2,gpt-3.5-turbo,0
nli,3,gpt-3.5-turbo,1
nli,4,gpt-3.5-turbo,1
nli,5,gpt-3.5-turbo,1
nli,6,gpt-3.5-turbo,0
nli,7,gpt-3.5-turbo,0
nli,8,gpt-3.5-turbo,0
nli,9,gpt-3.5-turbo,0
nli,10,gpt-3.5-turbo,1
nli,11,gpt-3.5-turbo,1
nli,12,gpt-3.5-turbo,1
nli,13,gpt-3.5-turbo,1
nli,14,gpt-3.5-turbo,0
nli,15,gpt-3.5-turbo,1
nli,16,gpt-3.5-turbo,1
nli,17,gpt-3.5-turbo,1
nli,18,gpt-3.5-turbo,1
nli,19,gpt-3.5-turbo,1
nli,20,gpt-3.5-turbo,0
nli,21,gpt-3.5-turbo,0
nli,22,gpt-3.5-turbo,1
nli,23,gpt-3.5-turbo,0
nli,24,gpt-3.5-turbo,1
nli,25,gpt-3.5-turbo,0
nli,26,gpt-3.5-turbo,1
nli,27,gpt-3.5-turbo,1
nli,28,gpt-3.5-turbo,1
nli,29,gpt-3.5-turbo,0
nli,30,gpt-3.5-turbo,1
nli,31,gpt-3.5-turbo,0
nli,32,gpt-3.5-turbo,0
nli,33,gpt-3.5-turbo,0
nli,34,gpt-3.5-turbo,1
nli,35,gpt-3.5-turbo,1
nli,36,gpt-3.5-turbo,1
nli,37,gpt-3.5-turbo,1
nli,38,gpt-3.5-turbo,1
nli,39,gpt-3.5-turbo,1
nli,40,gpt-3.5-turbo,1
nli,41,gpt-3.5-turbo,0
nli,42,gpt-3.5-turbo,1
nli,43,gpt-3.5-turbo,0
nli,44,gpt-3.5-turbo,1
nli,45,gpt-3.5-turbo,0
nli,46,gpt-3.5-turbo,1
nli,47,gpt-3.5-turbo,0
nli,48,gpt-3.5-turbo,0
nli,49,gpt-3.5-turbo,0
nli,50,gpt-3.5-turbo,1
nli,51,gpt-3.5-turbo,0
nli,52,gpt-3.5-turbo,0
nli,53,gpt-3.5-turbo,1
nli,54,gpt-3.5-turbo,1
nli,55,gpt-3.5-turbo,0
nli,56,gpt-3.5-turbo,1
nli,57,gpt-3.5-turbo,0
nli,58,gpt-3.5-turbo,1
nli,59,gpt-3.5-turbo,1
nli,60,gpt-3.5-turbo,0
nli,61,gpt-3.5-turbo,0
nli,62,gpt-3.5-turbo,1
nli,63,gpt-3.5-turbo,0
nli,64,gpt-3.5-turbo,1
nli,65,gpt-3.5-turbo,0
nli,66,gpt-3.5-turbo,1
nli,67,gpt-3.5-turbo,1
nli,68,gpt-3.5-turbo,0
nli,69,gpt-3.5-turbo,0
nli,70,gpt-3.5-turbo,1
nli,71,gpt-3.5-turbo,0
nli,72,gpt-3.5-turbo,0
nli,73,gpt-3.5-turbo,0
nli,74,gpt-3.5-turbo,0
nli,75,gpt-3.5-turbo,1
nli,76,gpt-3.5-turbo,1
nli,77,gpt-3.5-turbo,0
nli,78,gpt-3.5-turbo,0
nli,79,gpt-3.5-turbo,1
nli,80,gpt-3.5-turbo,1
nli,81,gpt-3.5-turbo,1
nli,82,gpt-3.5-turbo,1
nli,83,gpt-3.5-turbo,1
nli,84,gpt-3.5-turbo,0
nli,85,gpt-3.5-turbo,1
nli,86,gpt-3.5-turbo,1
nli,87,gpt-3.5-turbo,0
nli,88,gpt-3.5-turbo,1
nli,89,gpt-3.5-turbo,1
nli,90,gpt-3.5-turbo,1
nli,91,gpt-3.5-turbo,1
nli,92,gpt-3.5-turbo,1
nli,93,gpt-3.5-turbo,0
nli,94,gpt-3.5-turbo,0
nli,95,gpt-3.5-turbo,1
nli,96,gpt-3.5-turbo,1
nli,97,gpt-3.5-turbo,1
nli,98,gpt-3.5-turbo,1
nli,99,gpt-3.5-turbo,1
nli,100,gpt-3.5-turbo,0
nli,101,gpt-3.5-turbo,0
nli,102,gpt-3.5-turbo,0
nli,103,gpt-3.5-turbo,0
nli,104,gpt-3.5-turbo,0
nli,105,gpt-3.5-turbo,0
nli,106,gpt-3.5-turbo,1
nli,107,gpt-3.5-turbo,1
nli,108,gpt-3.5-turbo,0
nli,109,gpt-3.5-turbo,1
nli,110,gpt-3.5-turbo,0
nli,111,gpt-3.5-turbo,1
nli,112,gpt-3.5-turbo,0
nli,113,gpt-3.5-turbo,0
nli,114,gpt-3.5-turbo,1
nli,115,gpt-3.5-turbo,1
nli,116,gpt-3.5-turbo,0
nli,117,gpt-3.5-turbo,0
nli,118,gpt-3.5-turbo,1
nli,119,gpt-3.5-turbo,0
nli,120,gpt-3.5-turbo,1
nli,121,gpt-3.5-turbo,1
nli,122,gpt-3.5-turbo,1
nli,123,gpt-3.5-turbo,0
nli,124,gpt-3.5-turbo,0
nli,125,gpt-3.5-turbo,0
nli,126,gpt-3.5-turbo,1
nli,127,gpt-3.5-turbo,0
nli,128,gpt-3.5-turbo,0
nli,129,gpt-3.5-turbo,1
nli,130,gpt-3.5-turbo,1
nli,131,gpt-3.5-turbo,0
nli,132,gpt-3.5-turbo,1
nli,133,gpt-3.5-turbo,0
nli,134,gpt-3.5-turbo,0
nli,135,gpt-3.5-turbo,0
nli,136,gpt-3.5-turbo,1
nli,137,gpt-3.5-turbo,1
nli,138,gpt-3.5-turbo,0
nli,139,gpt-3.5-turbo,1
nli,140,gpt-3.5-turbo,0
nli,141,gpt-3.5-turbo,1
nli,142,gpt-3.5-turbo,1
nli,143,gpt-3.5-turbo,0
nli,144,gpt-3.5-turbo,0
nli,145,gpt-3.5-turbo,1
nli,146,gpt-3.5-turbo,0
nli,147,gpt-3.5-turbo,1
nli,148,gpt-3.5-turbo,1
nli,149,gpt-3.5-turbo,1
nli,150,gpt-3.5-turbo,1
nli,151,gpt-3.5-turbo,0
nli,152,gpt-3.5-turbo,0
nli,153,gpt-3.5-turbo,0
nli,154,gpt-3.5-turbo,1
nli,155,gpt-3.5-turbo,0
nli,156,gpt-3.5-turbo,1
nli,157,gpt-3.5-turbo,0
nli,158,gpt-3.5-turbo,1
nli,159,gpt-3.5-turbo,0
nli,160,gpt-3.5-turbo,1
nli,161,gpt-3.5-turbo,0
nli,162,gpt-3.5-turbo,1
nli,163,gpt-3.5-turbo,0
nli,164,gpt-3.5-turbo,1
nli,165,gpt-3.5-turbo,1
nli,166,gpt-3.5-turbo,1
nli,167,gpt-3.5-turbo,0
nli,168,gpt-3.5-turbo,0
nli,169,gpt-3.5-turbo,1
nli,170,gpt-3.5-turbo,0
nli,171,gpt-3.5-turbo,0
nli,172,gpt-3.5-turbo,1
nli,173,gpt-3.5-turbo,0
nli,174,gpt-3.5-turbo,1
nli,175,gpt-3.5-turbo,1
nli,176,gpt-3.5-turbo,0
nli,177,gpt-3.5-turbo,0
nli,178,gpt-3.5-turbo,0
nli,179,gpt-3.5-turbo,0
nli,180,gpt-3.5-turbo,0
nli,181,gpt-3.5-turbo,0
nli,182,gpt-3.5-turbo,1
nli,183,gpt-3.5-turbo,1
nli,184,gpt-3.5-turbo,1
nli,185,gpt-3.5-turbo,1
nli,186,gpt-3.5-turbo,1
nli,187,gpt-3.5-turbo,1
nli,188,gpt-3.5-turbo,1
nli,189,gpt-3.5-turbo,0
nli,190,gpt-3.5-turbo,1
nli,191,gpt-3.5-turbo,1
nli,192,gpt-3.5-turbo,0
nli,193,gpt-3.5-turbo,1
nli,194,gpt-3.5-turbo,0
nli,195,gpt-3.5-turbo,1
nli,196,gpt-3.5-turbo,1
nli,197,gpt-3.5-turbo,1
nli,198,gpt-3.5-turbo,0
nli,199,gpt-3.5-turbo,0
nli,200,gpt-3.5-turbo,0
nli,201,gpt-3.5-turbo,0
nli,202,gpt-3.5-turbo,0
nli,203,gpt-3.5-turbo,0
nli,204,gpt-3.5-turbo,1
nli,205,gpt-3.5-turbo,1
nli,206,gpt-3.5-turbo,0
nli,207,gpt-3.5-turbo,1
nli,208,gpt-3.5-turbo,1
nli,209,gpt-3.5-turbo,1
nli,210,gpt-3.5-turbo,1
nli,211,gpt-3.5-turbo,1
nli,212,gpt-3.5-turbo,0
nli,213,gpt-3.5-turbo,0
nli,214,gpt-3.5-turbo,0
nli,215,gpt-3.5-turbo,0
nli,216,gpt-3.5-turbo,1
nli,217,gpt-3.5-turbo,1
nli,218,gpt-3.5-turbo,0
nli,219,gpt-3.5-turbo,0
nli,220,gpt-3.5-turbo,1
nli,221,gpt-3.5-turbo,0
nli,222,gpt-3.5-turbo,1
nli,223,gpt-3.5-turbo,0
nli,224,gpt-3.5-turbo,0
nli,225,gpt-3.5-turbo,1
nli,226,gpt-3.5-turbo,1
nli,227,gpt-3.5-turbo,0
nli,228,gpt-3.5-turbo,0
nli,229,gpt-3.5-turbo,0
nli,230,gpt-3.5-turbo,1
nli,231,gpt-3.5-turbo,0
nli,232,gpt-3.5-turbo,0
nli,233,gpt-3.5-turbo,1
nli,234,gpt-3.5-turbo,0
nli,235,gpt-3.5-turbo,1
nli,236,gpt-3.5-turbo,0
nli,237,gpt-3.5-turbo,1
nli,238,gpt-3.5-turbo,0
nli,239,gpt-3.5-turbo,0
nli,240,gpt-3.5-turbo,0
nli,241,gpt-3.5-turbo,0
nli,242,gpt-3.5-turbo,1
nli,243,gpt-3.5-turbo,1
nli,244,gpt-3.5-turbo,1
nli,245,gpt-3.5-turbo,0
nli,246,gpt-3.5-turbo,0
nli,247,gpt-3.5-turbo,1
nli,248,gpt-3.5-turbo,1
nli,249,gpt-3.5-turbo,1
nli,250,gpt-3.5-turbo,0
nli,251,gpt-3.5-turbo,0
nli,252,gpt-3.5-turbo,1
nli,253,gpt-3.5-turbo,1
nli,254,gpt-3.5-turbo,1
nli,255,gpt-3.5-turbo,1
nli,256,gpt-3.5-turbo,0
nli,257,gpt-3.5-turbo,0
nli,258,gpt-3.5-turbo,1
nli,259,gpt-3.5-turbo,0
nli,260,gpt-3.5-turbo,1
nli,261,gpt-3.5-turbo,1
nli,262,gpt-3.5-turbo,0
nli,263,gpt-3.5-turbo,0
nli,264,gpt-3.5-turbo,0
nli,265,gpt-3.5-turbo,1
nli,266,gpt-3.5-turbo,1
nli,267,gpt-3.5-turbo,0
nli,268,gpt-3.5-turbo,1
nli,269,gpt-3.5-turbo,1
nli,270,gpt-3.5-turbo,0
nli,271,gpt-3.5-turbo,1
nli,272,gpt-3.5-turbo,1
nli,273,gpt-3.5-turbo,0
nli,274,gpt-3.5-turbo,1
nli,275,gpt-3.5-turbo,1
nli,276,gpt-3.5-turbo,0
nli,277,gpt-3.5-turbo,0
nli,278,gpt-3.5-turbo,0
nli,279,gpt-3.5-turbo,0
nli,280,gpt-3.5-turbo,0
nli,281,gpt-3.5-turbo,1
nli,282,gpt-3.5-turbo,1
nli,283,gpt-3.5-turbo,1
nli,284,gpt-3.5-turbo,0
nli,285,gpt-3.5-turbo,0
nli,286,gpt-3.5-turbo,0
nli,287,gpt-3.5-turbo,1
nli,288,gpt-3.5-turbo,0
nli,289,gpt-3.5-turbo,1
nli,290,gpt-3.5-turbo,0
nli,291,gpt-3.5-turbo,1
nli,292,gpt-3.5-turbo,1
nli,293,gpt-3.5-turbo,0
nli,294,gpt-3.5-turbo,0
nli,295,gpt-3.5-turbo,0
nli,296,gpt-3.5-turbo,0
nli,297,gpt-3.5-turbo,0
nli,298,gpt-3.5-turbo,1
nli,299,gpt-3.5-turbo,1
nli,300,gpt-3.5-turbo,1
nli,301,gpt-3.5-turbo,0
nli,302,gpt-3.5-turbo,0
nli,303,gpt-3.5-turbo,1
nli,304,gpt-3.5-turbo,1
nli,305,gpt-3.5-turbo,0
nli,306,gpt-3.5-turbo,0
nli,307,gpt-3.5-turbo,1
nli,308,gpt-3.5-turbo,1
nli,309,gpt-3.5-turbo,0
nli,310,gpt-3.5-turbo,1
nli,311,gpt-3.5-turbo,0
nli,312,gpt-3.5-turbo,1
nli,313,gpt-3.5-turbo,1
nli,314,gpt-3.5-turbo,0
nli,315,gpt-3.5-turbo,1
nli,316,gpt-3.5-turbo,1
nli,317,gpt-3.5-turbo,0
nli,318,gpt-3.5-turbo,0
nli,319,gpt-3.5-turbo,0
nli,320,gpt-3.5-turbo,0
nli,321,gpt-3.5-turbo,0
nli,322,gpt-3.5-turbo,1
nli,323,gpt-3.5-turbo,1
nli,324,gpt-3.5-turbo,1
nli,325,gpt-3.5-turbo,1
nli,326,gpt-3.5-turbo,0
nli,327,gpt-3.5-turbo,0
nli,328,gpt-3.5-turbo,1
nli,329,gpt-3.5-turbo,1
nli,330,gpt-3.5-turbo,1
nli,331,gpt-3.5-turbo,1
nli,332,gpt-3.5-turbo,0
nli,333,gpt-3.5-turbo,0
nli,334,gpt-3.5-turbo,1
nli,335,gpt-3.5-turbo,1
nli,336,gpt-3.5-turbo,0
nli,337,gpt-3.5-turbo,1
nli,338,gpt-3.5-turbo,0
nli,339,gpt-3.5-turbo,1
nli,340,gpt-3.5-turbo,1
nli,341,gpt-3.5-turbo,0
nli,342,gpt-3.5-turbo,1
nli,343,gpt-3.5-turbo,0
nli,344,gpt-3.5-turbo,1
nli,345,gpt-3.5-turbo,1
nli,346,gpt-3.5-turbo,1
nli,347,gpt-3.5-turbo,0
nli,348,gpt-3.5-turbo,0
nli,349,gpt-3.5-turbo,1
nli,350,gpt-3.5-turbo,1
nli,351,gpt-3.5-turbo,0
nli,352,gpt-3.5-turbo,0
nli,353,gpt-3.5-turbo,1
nli,354,gpt-3.5-turbo,1
nli,355,gpt-3.5-turbo,1
nli,356,gpt-3.5-turbo,1
nli,357,gpt-3.5-turbo,0
nli,358,gpt-3.5-turbo,0
nli,359,gpt-3.5-turbo,1
nli,360,gpt-3.5-turbo,0
nli,361,gpt-3.5-turbo,1
nli,362,gpt-3.5-turbo,1
nli,363,gpt-3.5-turbo,1
nli,364,gpt-3.5-turbo,1
nli,365,gpt-3.5-turbo,0
nli,366,gpt-3.5-turbo,1
nli,367,gpt-3.5-turbo,1
nli,368,gpt-3.5-turbo,0
nli,369,gpt-3.5-turbo,0
nli,370,gpt-3.5-turbo,1
nli,371,gpt-3.5-turbo,1
nli,372,gpt-3.5-turbo,0
nli,373,gpt-3.5-turbo,1
nli,374,gpt-3.5-turbo,1
nli,375,gpt-3.5-turbo,1
nli,376,gpt-3.5-turbo,1
nli,377,gpt-3.5-turbo,1
nli,378,gpt-3.5-turbo,0
nli,379,gpt-3.5-turbo,0
nli,380,gpt-3.5-turbo,0
nli,381,gpt-3.5-turbo,1
nli,382,gpt-3.5-turbo,1
nli,383,gpt-3.5-turbo,1
nli,384,gpt-3.5-turbo,0
nli,385,gpt-3.5-turbo,1
nli,386,gpt-3.5-turbo,0
nli,387,gpt-3.5-turbo,0
nli,388,gpt-3.5-turbo,1
nli,389,gpt-3.5-turbo,1
nli,390,gpt-3.5-turbo,0
nli,391,gpt-3.5-turbo,1
nli,392,gpt-3.5-turbo,1
nli,393,gpt-3.5-turbo,1
nli,394,gpt-3.5-turbo,1
nli,395,gpt-3.5-turbo,0
nli,396,gpt-3.5-turbo,0
nli,397,gpt-3.5-turbo,0
nli,398,gpt-3.5-turbo,1
nli,399,gpt-3.5-turbo,1
nli,400,gpt-3.5-turbo,0
nli,401,gpt-3.5-turbo,1
nli,402,gpt-3.5-turbo,0
nli,403,gpt-3.5-turbo,0
nli,404,gpt-3.5-turbo,0
nli,405,gpt-3.5-turbo,1
nli,406,gpt-3.5-turbo,1
nli,407,gpt-3.5-turbo,1
nli,408,gpt-3.5-turbo,1
nli,409,gpt-3.5-turbo,0
nli,410,gpt-3.5-turbo,1
nli,411,gpt-3.5-turbo,1
nli,412,gpt-3.5-turbo,1
nli,413,gpt-3.5-turbo,0
nli,414,gpt-3.5-turbo,0
nli,415,gpt-3.5-turbo,1
nli,416,gpt-3.5-turbo,0
nli,417,gpt-3.5-turbo,1
nli,418,gpt-3.5-turbo,0
nli,419,gpt-3.5-turbo,0
nli,420,gpt-3.5-turbo,0
nli,421,gpt-3.5-turbo,0
nli,422,gpt-3.5-turbo,1
nli,423,gpt-3.5-turbo,1
nli,424,gpt-3.5-turbo,0
nli,425,gpt-3.5-turbo,1
nli,426,gpt-3.5-turbo,0
nli,427,gpt-3.5-turbo,1
nli,428,gpt-3.5-turbo,1
nli,429,gpt-3.5-turbo,0
nli,430,gpt-3.5-turbo,0
nli,431,gpt-3.5-turbo,1
nli,432,gpt-3.5-turbo,0
nli,433,gpt-3.5-turbo,1
nli,434,gpt-3.5-turbo,1
nli,435,gpt-3.5-turbo,0
nli,436,gpt-3.5-turbo,1
nli,437,gpt-3.5-turbo,1
nli,438,gpt-3.5-turbo,1
nli,439,gpt-3.5-turbo,1
nli,440,gpt-3.5-turbo,0
nli,441,gpt-3.5-turbo,1
nli,442,gpt-3.5-turbo,1
nli,443,gpt-3.5-turbo,1
nli,444,gpt-3.5-turbo,1
nli,445,gpt-3.5-turbo,1
nli,446,gpt-3.5-turbo,1
nli,447,gpt-3.5-turbo,0
nli,448,gpt-3.5-turbo,1
nli,449,gpt-3.5-turbo,1
nli,450,gpt-3.5-turbo,1
nli,451,gpt-3.5-turbo,0
nli,452,gpt-3.5-turbo,0
nli,453,gpt-3.5-turbo,0
nli,454,gpt-3.5-turbo,0
nli,455,gpt-3.5-turbo,1
nli,456,gpt-3.5-turbo,1
nli,457,gpt-3.5-turbo,0
nli,458,gpt-3.5-turbo,1
nli,459,gpt-3.5-turbo,1
nli,460,gpt-3.5-turbo,1
nli,461,gpt-3.5-turbo,1
nli,462,gpt-3.5-turbo,1
nli,463,gpt-3.5-turbo,1
nli,464,gpt-3.5-turbo,1
nli,465,gpt-3.5-turbo,1
nli,466,gpt-3.5-turbo,1
nli,467,gpt-3.5-turbo,0
nli,468,gpt-3.5-turbo,1
nli,469,gpt-3.5-turbo,0
nli,470,gpt-3.5-turbo,0
nli,471,gpt-3.5-turbo,0
nli,472,gpt-3.5-turbo,1
nli,473,gpt-3.5-turbo,0
nli,474,gpt-3.5-turbo,1
nli,475,gpt-3.5-turbo,1
nli,476,gpt-3.5-turbo,1
nli,477,gpt-3.5-turbo,1
nli,478,gpt-3.5-turbo,0
nli,479,gpt-3.5-turbo,1
nli,480,gpt-3.5-turbo,0
nli,481,gpt-3.5-turbo,1
nli,482,gpt-3.5-turbo,1
nli,483,gpt-3.5-turbo,1
nli,484,gpt-3.5-turbo,1
nli,485,gpt-3.5-turbo,0
nli,486,gpt-3.5-turbo,0
nli,487,gpt-3.5-turbo,0
nli,488,gpt-3.5-turbo,1
nli,489,gpt-3.5-turbo,0
nli,490,gpt-3.5-turbo,1
nli,491,gpt-3.5-turbo,1
nli,492,gpt-3.5-turbo,1
nli,493,gpt-3.5-turbo,0
nli,494,gpt-3.5-turbo,0
nli,495,gpt-3.5-turbo,0
nli,496,gpt-3.5-turbo,1
nli,497,gpt-3.5-turbo,0
nli,498,gpt-3.5-turbo,0
nli,499,gpt-3.5-turbo,0
nli,500,gpt-3.5-turbo,0
nli,501,gpt-3.5-turbo,0
nli,502,gpt-3.5-turbo,1
nli,503,gpt-3.5-turbo,0
nli,504,gpt-3.5-turbo,1
nli,505,gpt-3.5-turbo,1
nli,506,gpt-3.5-turbo,0
nli,507,gpt-3.5-turbo,1
nli,508,gpt-3.5-turbo,1
nli,509,gpt-3.5-turbo,0
nli,510,gpt-3.5-turbo,0
nli,511,gpt-3.5-turbo,0
nli,512,gpt-3.5-turbo,0
nli,513,gpt-3.5-turbo,0
nli,514,gpt-3.5-turbo,0
nli,515,gpt-3.5-turbo,1
nli,516,gpt-3.5-turbo,1
nli,517,gpt-3.5-turbo,1
nli,518,gpt-3.5-turbo,1
nli,519,gpt-3.5-turbo,1
nli,520,gpt-3.5-turbo,0
nli,521,gpt-3.5-turbo,0
nli,522,gpt-3.5-turbo,1
nli,523,gpt-3.5-turbo,0
nli,524,gpt-3.5-turbo,0
nli,525,gpt-3.5-turbo,1
nli,526,gpt-3.5-turbo,1
nli,527,gpt-3.5-turbo,0
nli,528,gpt-3.5-turbo,1
nli,529,gpt-3.5-turbo,0
nli,530,gpt-3.5-turbo,0
nli,531,gpt-3.5-turbo,0
nli,532,gpt-3.5-turbo,1
nli,533,gpt-3.5-turbo,1
nli,534,gpt-3.5-turbo,0
nli,535,gpt-3.5-turbo,1
nli,536,gpt-3.5-turbo,1
nli,537,gpt-3.5-turbo,0
nli,538,gpt-3.5-turbo,1
nli,539,gpt-3.5-turbo,0
nli,540,gpt-3.5-turbo,0
nli,541,gpt-3.5-turbo,0
nli,542,gpt-3.5-turbo,0
nli,543,gpt-3.5-turbo,1
nli,544,gpt-3.5-turbo,0
nli,545,gpt-3.5-turbo,1
nli,546,gpt-3.5-turbo,0
nli,547,gpt-3.5-turbo,1
nli,548,gpt-3.5-turbo,0
nli,549,gpt-3.5-turbo,0
nli,550,gpt-3.5-turbo,1
nli,551,gpt-3.5-turbo,1
nli,552,gpt-3.5-turbo,0
nli,553,gpt-3.5-turbo,1
nli,554,gpt-3.5-turbo,0
nli,555,gpt-3.5-turbo,0
nli,556,gpt-3.5-turbo,0
nli,557,gpt-3.5-turbo,1
nli,558,gpt-3.5-turbo,0
nli,559,gpt-3.5-turbo,1
nli,560,gpt-3.5-turbo,1
nli,561,gpt-3.5-turbo,0
nli,562,gpt-3.5-turbo,1
nli,563,gpt-3.5-turbo,1
nli,564,gpt-3.5-turbo,1
nli,565,gpt-3.5-turbo,0
nli,566,gpt-3.5-turbo,0
nli,567,gpt-3.5-turbo,0
nli,568,gpt-3.5-turbo,0
nli,569,gpt-3.5-turbo,1
nli,570,gpt-3.5-turbo,0
nli,571,gpt-3.5-turbo,1
nli,572,gpt-3.5-turbo,0
nli,573,gpt-3.5-turbo,0
nli,574,gpt-3.5-turbo,0
nli,575,gpt-3.5-turbo,0
nli,576,gpt-3.5-turbo,0
nli,577,gpt-3.5-turbo,0
nli,578,gpt-3.5-turbo,0
nli,579,gpt-3.5-turbo,0
nli,580,gpt-3.5-turbo,0
nli,581,gpt-3.5-turbo,1
nli,582,gpt-3.5-turbo,1
nli,583,gpt-3.5-turbo,0
nli,584,gpt-3.5-turbo,1
nli,585,gpt-3.5-turbo,1
nli,586,gpt-3.5-turbo,0
nli,587,gpt-3.5-turbo,0
nli,588,gpt-3.5-turbo,1
nli,589,gpt-3.5-turbo,0
nli,590,gpt-3.5-turbo,1
nli,591,gpt-3.5-turbo,1
nli,592,gpt-3.5-turbo,0
nli,593,gpt-3.5-turbo,1
nli,594,gpt-3.5-turbo,1
nli,595,gpt-3.5-turbo,0
nli,596,gpt-3.5-turbo,0
nli,597,gpt-3.5-turbo,1
nli,598,gpt-3.5-turbo,1
nli,599,gpt-3.5-turbo,0
nli,600,gpt-3.5-turbo,1
nli,601,gpt-3.5-turbo,1
nli,602,gpt-3.5-turbo,0
nli,603,gpt-3.5-turbo,1
nli,604,gpt-3.5-turbo,0
nli,605,gpt-3.5-turbo,0
nli,606,gpt-3.5-turbo,0
nli,607,gpt-3.5-turbo,1
nli,608,gpt-3.5-turbo,1
nli,609,gpt-3.5-turbo,1
nli,610,gpt-3.5-turbo,1
nli,611,gpt-3.5-turbo,0
nli,612,gpt-3.5-turbo,1
nli,613,gpt-3.5-turbo,1
nli,614,gpt-3.5-turbo,0
nli,615,gpt-3.5-turbo,0
nli,616,gpt-3.5-turbo,1
nli,617,gpt-3.5-turbo,0
nli,618,gpt-3.5-turbo,1
nli,619,gpt-3.5-turbo,0
nli,620,gpt-3.5-turbo,0
nli,621,gpt-3.5-turbo,0
nli,622,gpt-3.5-turbo,1
nli,623,gpt-3.5-turbo,1
nli,624,gpt-3.5-turbo,0
nli,625,gpt-3.5-turbo,0
nli,626,gpt-3.5-turbo,0
nli,627,gpt-3.5-turbo,0
nli,628,gpt-3.5-turbo,0
nli,629,gpt-3.5-turbo,1
nli,630,gpt-3.5-turbo,0
nli,631,gpt-3.5-turbo,0
nli,632,gpt-3.5-turbo,1
nli,633,gpt-3.5-turbo,0
nli,634,gpt-3.5-turbo,0
nli,635,gpt-3.5-turbo,0
nli,636,gpt-3.5-turbo,1
nli,637,gpt-3.5-turbo,0
nli,638,gpt-3.5-turbo,1
nli,639,gpt-3.5-turbo,0
nli,640,gpt-3.5-turbo,1
nli,641,gpt-3.5-turbo,0
nli,642,gpt-3.5-turbo,1
nli,643,gpt-3.5-turbo,0
nli,644,gpt-3.5-turbo,0
nli,645,gpt-3.5-turbo,0
nli,646,gpt-3.5-turbo,0
nli,647,gpt-3.5-turbo,1
nli,648,gpt-3.5-turbo,1
nli,649,gpt-3.5-turbo,0
nli,650,gpt-3.5-turbo,1
nli,651,gpt-3.5-turbo,1
nli,652,gpt-3.5-turbo,1
nli,653,gpt-3.5-turbo,0
nli,654,gpt-3.5-turbo,0
nli,655,gpt-3.5-turbo,0
nli,656,gpt-3.5-turbo,1
nli,657,gpt-3.5-turbo,0
nli,658,gpt-3.5-turbo,1
nli,659,gpt-3.5-turbo,1
nli,660,gpt-3.5-turbo,1
nli,661,gpt-3.5-turbo,1
nli,662,gpt-3.5-turbo,0
nli,663,gpt-3.5-turbo,0
nli,664,gpt-3.5-turbo,1
nli,665,gpt-3.5-turbo,0
nli,666,gpt-3.5-turbo,1
nli,667,gpt-3.5-turbo,0
nli,668,gpt-3.5-turbo,0
nli,669,gpt-3.5-turbo,0
nli,670,gpt-3.5-turbo,0
nli,671,gpt-3.5-turbo,1
nli,672,gpt-3.5-turbo,1
nli,673,gpt-3.5-turbo,1
nli,674,gpt-3.5-turbo,1
nli,675,gpt-3.5-turbo,1
nli,676,gpt-3.5-turbo,1
nli,677,gpt-3.5-turbo,0
nli,678,gpt-3.5-turbo,0
nli,679,gpt-3.5-turbo,1
nli,680,gpt-3.5-turbo,1
nli,681,gpt-3.5-turbo,1
nli,682,gpt-3.5-turbo,0
nli,683,gpt-3.5-turbo,0
nli,684,gpt-3.5-turbo,1
nli,685,gpt-3.5-turbo,0
nli,686,gpt-3.5-turbo,0
nli,687,gpt-3.5-turbo,0
nli,688,gpt-3.5-turbo,1
nli,689,gpt-3.5-turbo,0
nli,690,gpt-3.5-turbo,0
nli,691,gpt-3.5-turbo,1
nli,692,gpt-3.5-turbo,1
nli,693,gpt-3.5-turbo,0
nli,694,gpt-3.5-turbo,0
nli,695,gpt-3.5-turbo,0
nli,696,gpt-3.5-turbo,1
nli,697,gpt-3.5-turbo,0
nli,698,gpt-3.5-turbo,0
nli,699,gpt-3.5-turbo,0
nli,700,gpt-3.5-turbo,1
nli,701,gpt-3.5-turbo,1
nli,702,gpt-3.5-turbo,1
nli,703,gpt-3.5-turbo,1
nli,704,gpt-3.5-turbo,1
nli,705,gpt-3.5-turbo,0
nli,706,gpt-3.5-turbo,0
nli,707,gpt-3.5-turbo,0
nli,708,gpt-3.5-turbo,1
nli,709,gpt-3.5-turbo,0
nli,710,gpt-3.5-turbo,0
nli,711,gpt-3.5-turbo,0
nli,712,gpt-3.5-turbo,0
nli,713,gpt-3.5-turbo,1
nli,714,gpt-3.5-turbo,1
nli,715,gpt-3.5-turbo,1
nli,716,gpt-3.5-turbo,1
nli,717,gpt-3.5-turbo,0
nli,718,gpt-3.5-turbo,0
nli,719,gpt-3.5-turbo,1
nli,720,gpt-3.5-turbo,1
nli,721,gpt-3.5-turbo,0
nli,722,gpt-3.5-turbo,0
nli,723,gpt-3.5-turbo,0
nli,724,gpt-3.5-turbo,1
nli,725,gpt-3.5-turbo,1
nli,726,gpt-3.5-turbo,1
nli,727,gpt-3.5-turbo,1
nli,728,gpt-3.5-turbo,1
nli,729,gpt-3.5-turbo,1
nli,730,gpt-3.5-turbo,1
nli,731,gpt-3.5-turbo,1
nli,732,gpt-3.5-turbo,1
nli,733,gpt-3.5-turbo,1
nli,734,gpt-3.5-turbo,1
nli,735,gpt-3.5-turbo,0
nli,736,gpt-3.5-turbo,1
nli,737,gpt-3.5-turbo,0
nli,738,gpt-3.5-turbo,0
nli,739,gpt-3.5-turbo,0
nli,740,gpt-3.5-turbo,1
nli,741,gpt-3.5-turbo,0
nli,742,gpt-3.5-turbo,1
nli,743,gpt-3.5-turbo,1
nli,744,gpt-3.5-turbo,1
nli,745,gpt-3.5-turbo,1
nli,746,gpt-3.5-turbo,0
nli,747,gpt-3.5-turbo,0
nli,748,gpt-3.5-turbo,0
nli,749,gpt-3.5-turbo,0
nli,750,gpt-3.5-turbo,0
nli,751,gpt-3.5-turbo,0
nli,752,gpt-3.5-turbo,0
nli,753,gpt-3.5-turbo,1
nli,754,gpt-3.5-turbo,1
nli,755,gpt-3.5-turbo,0
nli,756,gpt-3.5-turbo,1
nli,757,gpt-3.5-turbo,0
nli,758,gpt-3.5-turbo,1
nli,759,gpt-3.5-turbo,0
nli,760,gpt-3.5-turbo,0
nli,761,gpt-3.5-turbo,1
nli,762,gpt-3.5-turbo,1
nli,763,gpt-3.5-turbo,0
nli,764,gpt-3.5-turbo,1
nli,765,gpt-3.5-turbo,0
nli,766,gpt-3.5-turbo,1
nli,767,gpt-3.5-turbo,0
nli,768,gpt-3.5-turbo,0
nli,769,gpt-3.5-turbo,0
nli,770,gpt-3.5-turbo,1
nli,771,gpt-3.5-turbo,1
nli,772,gpt-3.5-turbo,0
nli,773,gpt-3.5-turbo,1
nli,774,gpt-3.5-turbo,0
nli,775,gpt-3.5-turbo,1
nli,776,gpt-3.5-turbo,0
nli,777,gpt-3.5-turbo,1
nli,778,gpt-3.5-turbo,1
nli,779,gpt-3.5-turbo,1
nli,780,gpt-3.5-turbo,1
nli,781,gpt-3.5-turbo,1
nli,782,gpt-3.5-turbo,1
nli,783,gpt-3.5-turbo,1
nli,784,gpt-3.5-turbo,1
nli,785,gpt-3.5-turbo,0
nli,786,gpt-3.5-turbo,0
nli,787,gpt-3.5-turbo,0
nli,788,gpt-3.5-turbo,1
nli,789,gpt-3.5-turbo,0
nli,790,gpt-3.5-turbo,0
nli,791,gpt-3.5-turbo,0
nli,792,gpt-3.5-turbo,1
nli,793,gpt-3.5-turbo,1
nli,794,gpt-3.5-turbo,1
nli,795,gpt-3.5-turbo,0
nli,796,gpt-3.5-turbo,1
nli,797,gpt-3.5-turbo,0
nli,798,gpt-3.5-turbo,0
nli,799,gpt-3.5-turbo,1
nli,800,gpt-3.5-turbo,0
nli,801,gpt-3.5-turbo,1
nli,802,gpt-3.5-turbo,1
nli,803,gpt-3.5-turbo,1
nli,804,gpt-3.5-turbo,0
nli,805,gpt-3.5-turbo,1
nli,806,gpt-3.5-turbo,0
nli,807,gpt-3.5-turbo,1
nli,808,gpt-3.5-turbo,0
nli,809,gpt-3.5-turbo,0
nli,810,gpt-3.5-turbo,1
nli,811,gpt-3.5-turbo,0
nli,812,gpt-3.5-turbo,0
nli,813,gpt-3.5-turbo,1
nli,814,gpt-3.5-turbo,0
nli,815,gpt-3.5-turbo,1
nli,816,gpt-3.5-turbo,1
nli,817,gpt-3.5-turbo,1
nli,818,gpt-3.5-turbo,1
nli,819,gpt-3.5-turbo,0
nli,820,gpt-3.5-turbo,0
nli,821,gpt-3.5-turbo,1
nli,822,gpt-3.5-turbo,0
nli,823,gpt-3.5-turbo,0
nli,824,gpt-3.5-turbo,1
nli,825,gpt-3.5-turbo,0
nli,826,gpt-3.5-turbo,1
nli,827,gpt-3.5-turbo,1
nli,828,gpt-3.5-turbo,0
nli,829,gpt-3.5-turbo,1
nli,830,gpt-3.5-turbo,0
nli,831,gpt-3.5-turbo,0
nli,832,gpt-3.5-turbo,1
nli,833,gpt-3.5-turbo,0
nli,834,gpt-3.5-turbo,0
nli,835,gpt-3.5-turbo,1
nli,836,gpt-3.5-turbo,0
nli,837,gpt-3.5-turbo,1
nli,838,gpt-3.5-turbo,1
nli,839,gpt-3.5-turbo,0
nli,840,gpt-3.5-turbo,0
nli,841,gpt-3.5-turbo,1
nli,842,gpt-3.5-turbo,0
nli,843,gpt-3.5-turbo,0
nli,844,gpt-3.5-turbo,1
nli,845,gpt-3.5-turbo,0
nli,846,gpt-3.5-turbo,1
nli,847,gpt-3.5-turbo,1
nli,848,gpt-3.5-turbo,1
nli,849,gpt-3.5-turbo,0
nli,850,gpt-3.5-turbo,0
nli,851,gpt-3.5-turbo,1
nli,852,gpt-3.5-turbo,1
nli,853,gpt-3.5-turbo,1
nli,854,gpt-3.5-turbo,1
nli,855,gpt-3.5-turbo,1
nli,856,gpt-3.5-turbo,0
nli,857,gpt-3.5-turbo,1
nli,858,gpt-3.5-turbo,1
nli,859,gpt-3.5-turbo,0
nli,860,gpt-3.5-turbo,1
nli,861,gpt-3.5-turbo,1
nli,862,gpt-3.5-turbo,1
nli,863,gpt-3.5-turbo,1
nli,864,gpt-3.5-turbo,0
nli,865,gpt-3.5-turbo,0
nli,866,gpt-3.5-turbo,0
nli,867,gpt-3.5-turbo,0
nli,868,gpt-3.5-turbo,1
nli,869,gpt-3.5-turbo,0
nli,870,gpt-3.5-turbo,0
nli,871,gpt-3.5-turbo,0
nli,872,gpt-3.5-turbo,0
nli,873,gpt-3.5-turbo,0
nli,874,gpt-3.5-turbo,0
nli,875,gpt-3.5-turbo,0
nli,876,gpt-3.5-turbo,0
nli,877,gpt-3.5-turbo,0
nli,878,gpt-3.5-turbo,0
nli,879,gpt-3.5-turbo,1
nli,880,gpt-3.5-turbo,0
nli,881,gpt-3.5-turbo,1
nli,882,gpt-3.5-turbo,0
nli,883,gpt-3.5-turbo,1
nli,884,gpt-3.5-turbo,0
nli,885,gpt-3.5-turbo,1
nli,886,gpt-3.5-turbo,0
nli,887,gpt-3.5-turbo,1
nli,888,gpt-3.5-turbo,1
nli,889,gpt-3.5-turbo,0
nli,890,gpt-3.5-turbo,1
nli,891,gpt-3.5-turbo,1
nli,892,gpt-3.5-turbo,1
nli,893,gpt-3.5-turbo,0
nli,894,gpt-3.5-turbo,1
nli,895,gpt-3.5-turbo,1
nli,896,gpt-3.5-turbo,0
nli,897,gpt-3.5-turbo,1
nli,898,gpt-3.5-turbo,1
nli,899,gpt-3.5-turbo,1
nli,900,gpt-3.5-turbo,0
nli,901,gpt-3.5-turbo,1
nli,902,gpt-3.5-turbo,0
nli,903,gpt-3.5-turbo,1
nli,904,gpt-3.5-turbo,1
nli,905,gpt-3.5-turbo,1
nli,906,gpt-3.5-turbo,1
nli,907,gpt-3.5-turbo,1
nli,908,gpt-3.5-turbo,0
nli,909,gpt-3.5-turbo,0
nli,910,gpt-3.5-turbo,0
nli,911,gpt-3.5-turbo,1
nli,912,gpt-3.5-turbo,0
nli,913,gpt-3.5-turbo,0
nli,914,gpt-3.5-turbo,0
nli,915,gpt-3.5-turbo,0
nli,916,gpt-3.5-turbo,1
nli,917,gpt-3.5-turbo,0
nli,918,gpt-3.5-turbo,1
nli,919,gpt-3.5-turbo,0
nli,920,gpt-3.5-turbo,1
nli,921,gpt-3.5-turbo,0
nli,922,gpt-3.5-turbo,0
nli,923,gpt-3.5-turbo,1
nli,924,gpt-3.5-turbo,1
nli,925,gpt-3.5-turbo,1
nli,926,gpt-3.5-turbo,0
nli,927,gpt-3.5-turbo,0
nli,928,gpt-3.5-turbo,0
nli,929,gpt-3.5-turbo,0
nli,930,gpt-3.5-turbo,1
nli,931,gpt-3.5-turbo,1
nli,932,gpt-3.5-turbo,1
nli,933,gpt-3.5-turbo,0
nli,934,gpt-3.5-turbo,1
nli,935,gpt-3.5-turbo,1
nli,936,gpt-3.5-turbo,0
nli,937,gpt-3.5-turbo,0
nli,938,gpt-3.5-turbo,1
nli,939,gpt-3.5-turbo,0
nli,940,gpt-3.5-turbo,0
nli,941,gpt-3.5-turbo,1
nli,942,gpt-3.5-turbo,1
nli,943,gpt-3.5-turbo,1
nli,944,gpt-3.5-turbo,0
nli,945,gpt-3.5-turbo,1
nli,946,gpt-3.5-turbo,0
nli,947,gpt-3.5-turbo,0
nli,948,gpt-3.5-turbo,0
nli,949,gpt-3.5-turbo,0
nli,950,gpt-3.5-turbo,1
nli,951,gpt-3.5-turbo,0
nli,952,gpt-3.5-turbo,0
nli,953,gpt-3.5-turbo,1
nli,954,gpt-3.5-turbo,0
nli,955,gpt-3.5-turbo,1
nli,956,gpt-3.5-turbo,0
nli,957,gpt-3.5-turbo,1
nli,958,gpt-3.5-turbo,0
nli,959,gpt-3.5-turbo,0
nli,960,gpt-3.5-turbo,1
nli,961,gpt-3.5-turbo,1
nli,962,gpt-3.5-turbo,0
nli,963,gpt-3.5-turbo,1
nli,964,gpt-3.5-turbo,1
nli,965,gpt-3.5-turbo,0
nli,966,gpt-3.5-turbo,1
nli,967,gpt-3.5-turbo,0
nli,968,gpt-3.5-turbo,0
nli,969,gpt-3.5-turbo,1
nli,970,gpt-3.5-turbo,0
nli,971,gpt-3.5-turbo,0
nli,972,gpt-3.5-turbo,0
nli,973,gpt-3.5-turbo,1
nli,974,gpt-3.5-turbo,0
nli,975,gpt-3.5-turbo,1
nli,976,gpt-3.5-turbo,0
nli,977,gpt-3.5-turbo,0
nli,978,gpt-3.5-turbo,0
nli,979,gpt-3.5-turbo,0
nli,980,gpt-3.5-turbo,0
nli,981,gpt-3.5-turbo,0
nli,982,gpt-3.5-turbo,1
nli,983,gpt-3.5-turbo,1
nli,984,gpt-3.5-turbo,1
nli,985,gpt-3.5-turbo,1
nli,986,gpt-3.5-turbo,1
nli,987,gpt-3.5-turbo,1
nli,988,gpt-3.5-turbo,0
nli,989,gpt-3.5-turbo,1
nli,990,gpt-3.5-turbo,1
nli,991,gpt-3.5-turbo,0
nli,992,gpt-3.5-turbo,0
nli,993,gpt-3.5-turbo,1
nli,994,gpt-3.5-turbo,0
nli,995,gpt-3.5-turbo,0
nli,996,gpt-3.5-turbo,1
nli,997,gpt-3.5-turbo,1
nli,998,gpt-3.5-turbo,0
nli,999,gpt-3.5-turbo,1
nli,1000,gpt-3.5-turbo,1
nli,1001,gpt-3.5-turbo,0
nli,1002,gpt-3.5-turbo,1
nli,1003,gpt-3.5-turbo,0
nli,1004,gpt-3.5-turbo,1
nli,1005,gpt-3.5-turbo,0
nli,1006,gpt-3.5-turbo,1
nli,1007,gpt-3.5-turbo,0
nli,1008,gpt-3.5-turbo,0
nli,1009,gpt-3.5-turbo,1
nli,1010,gpt-3.5-turbo,0
nli,1011,gpt-3.5-turbo,0
nli,1012,gpt-3.5-turbo,1
nli,1013,gpt-3.5-turbo,0
nli,1014,gpt-3.5-turbo,0
nli,1015,gpt-3.5-turbo,1
nli,1016,gpt-3.5-turbo,1
nli,1017,gpt-3.5-turbo,0
nli,1018,gpt-3.5-turbo,1
nli,1019,gpt-3.5-turbo,0
nli,1020,gpt-3.5-turbo,0
nli,1021,gpt-3.5-turbo,1
nli,1022,gpt-3.5-turbo,0
nli,1023,gpt-3.5-turbo,0
nli,1024,gpt-3.5-turbo,1
nli,1025,gpt-3.5-turbo,1
nli,1026,gpt-3.5-turbo,0
nli,1027,gpt-3.5-turbo,1
nli,1028,gpt-3.5-turbo,1
nli,1029,gpt-3.5-turbo,0
nli,1030,gpt-3.5-turbo,0
nli,1031,gpt-3.5-turbo,0
nli,1032,gpt-3.5-turbo,1
nli,1033,gpt-3.5-turbo,1
nli,1034,gpt-3.5-turbo,0
nli,1035,gpt-3.5-turbo,1
nli,1036,gpt-3.5-turbo,0
nli,1037,gpt-3.5-turbo,0
nli,1038,gpt-3.5-turbo,0
nli,1039,gpt-3.5-turbo,1
nli,1040,gpt-3.5-turbo,1
nli,1041,gpt-3.5-turbo,1
nli,1042,gpt-3.5-turbo,1
nli,1043,gpt-3.5-turbo,0
nli,1044,gpt-3.5-turbo,1
nli,1045,gpt-3.5-turbo,0
nli,1046,gpt-3.5-turbo,0
nli,1047,gpt-3.5-turbo,1
nli,1048,gpt-3.5-turbo,0
nli,1049,gpt-3.5-turbo,0
nli,1050,gpt-3.5-turbo,1
nli,1051,gpt-3.5-turbo,0
nli,1052,gpt-3.5-turbo,1
nli,1053,gpt-3.5-turbo,0
nli,1054,gpt-3.5-turbo,1
nli,1055,gpt-3.5-turbo,0
nli,1056,gpt-3.5-turbo,0
nli,1057,gpt-3.5-turbo,0
nli,1058,gpt-3.5-turbo,1
nli,1059,gpt-3.5-turbo,1
nli,1060,gpt-3.5-turbo,0
nli,1061,gpt-3.5-turbo,1
nli,1062,gpt-3.5-turbo,0
nli,1063,gpt-3.5-turbo,0
nli,1064,gpt-3.5-turbo,0
nli,1065,gpt-3.5-turbo,1
nli,1066,gpt-3.5-turbo,0
nli,1067,gpt-3.5-turbo,1
nli,1068,gpt-3.5-turbo,0
nli,1069,gpt-3.5-turbo,1
nli,1070,gpt-3.5-turbo,1
nli,1071,gpt-3.5-turbo,1
nli,1072,gpt-3.5-turbo,1
nli,1073,gpt-3.5-turbo,0
nli,1074,gpt-3.5-turbo,1
nli,1075,gpt-3.5-turbo,0
nli,1076,gpt-3.5-turbo,1
nli,1077,gpt-3.5-turbo,0
nli,1078,gpt-3.5-turbo,0
nli,1079,gpt-3.5-turbo,0
nli,1080,gpt-3.5-turbo,0
nli,1081,gpt-3.5-turbo,1
nli,1082,gpt-3.5-turbo,0
nli,1083,gpt-3.5-turbo,1
nli,1084,gpt-3.5-turbo,0
nli,1085,gpt-3.5-turbo,0
nli,1086,gpt-3.5-turbo,1
nli,1087,gpt-3.5-turbo,1
nli,1088,gpt-3.5-turbo,1
nli,1089,gpt-3.5-turbo,0
nli,1090,gpt-3.5-turbo,1
nli,1091,gpt-3.5-turbo,1
nli,1092,gpt-3.5-turbo,1
nli,1093,gpt-3.5-turbo,0
nli,1094,gpt-3.5-turbo,1
nli,1095,gpt-3.5-turbo,1
nli,1096,gpt-3.5-turbo,0
nli,1097,gpt-3.5-turbo,1
nli,1098,gpt-3.5-turbo,0
nli,1099,gpt-3.5-turbo,1
nli,1100,gpt-3.5-turbo,1
nli,1101,gpt-3.5-turbo,0
nli,1102,gpt-3.5-turbo,1
nli,1103,gpt-3.5-turbo,0
nli,1104,gpt-3.5-turbo,1
nli,1105,gpt-3.5-turbo,1
nli,1106,gpt-3.5-turbo,0
nli,1107,gpt-3.5-turbo,0
nli,1108,gpt-3.5-turbo,1
nli,1109,gpt-3.5-turbo,1
nli,1110,gpt-3.5-turbo,1
nli,1111,gpt-3.5-turbo,1
nli,1112,gpt-3.5-turbo,0
nli,1113,gpt-3.5-turbo,1
nli,1114,gpt-3.5-turbo,0
nli,1115,gpt-3.5-turbo,1
nli,1116,gpt-3.5-turbo,0
nli,1117,gpt-3.5-turbo,0
nli,1118,gpt-3.5-turbo,0
nli,1119,gpt-3.5-turbo,1
nli,1120,gpt-3.5-turbo,1
nli,1121,gpt-3.5-turbo,0
nli,1122,gpt-3.5-turbo,1
nli,1123,gpt-3.5-turbo,0
nli,1124,gpt-3.5-turbo,0
nli,1125,gpt-3.5-turbo,0
nli,1126,gpt-3.5-turbo,1
nli,1127,gpt-3.5-turbo,0
nli,1128,gpt-3.5-turbo,0
nli,1129,gpt-3.5-turbo,1
nli,1130,gpt-3.5-turbo,0
nli,1131,gpt-3.5-turbo,0
nli,1132,gpt-3.5-turbo,0
nli,1133,gpt-3.5-turbo,1
nli,1134,gpt-3.5-turbo,1
nli,1135,gpt-3.5-turbo,0
nli,1136,gpt-3.5-turbo,1
nli,1137,gpt-3.5-turbo,1
nli,1138,gpt-3.5-turbo,1
nli,1139,gpt-3.5-turbo,0
nli,1140,gpt-3.5-turbo,1
nli,1141,gpt-3.5-turbo,0
nli,1142,gpt-3.5-turbo,0
nli,1143,gpt-3.5-turbo,1
nli,1144,gpt-3.5-turbo,1
nli,1145,gpt-3.5-turbo,1
nli,1146,gpt-3.5-turbo,0
nli,1147,gpt-3.5-turbo,1
nli,1148,gpt-3.5-turbo,1
nli,1149,gpt-3.5-turbo,1
nli,1150,gpt-3.5-turbo,0
nli,1151,gpt-3.5-turbo,0
nli,1152,gpt-3.5-turbo,1
nli,1153,gpt-3.5-turbo,1
nli,1154,gpt-3.5-turbo,0
nli,1155,gpt-3.5-turbo,1
nli,1156,gpt-3.5-turbo,1
nli,1157,gpt-3.5-turbo,0
nli,1158,gpt-3.5-turbo,1
nli,1159,gpt-3.5-turbo,0
nli,1160,gpt-3.5-turbo,1
nli,1161,gpt-3.5-turbo,1
nli,1162,gpt-3.5-turbo,0
nli,1163,gpt-3.5-turbo,1
nli,1164,gpt-3.5-turbo,0
nli,1165,gpt-3.5-turbo,0
nli,1166,gpt-3.5-turbo,1
nli,1167,gpt-3.5-turbo,1
nli,1168,gpt-3.5-turbo,0
nli,1169,gpt-3.5-turbo,0
nli,1170,gpt-3.5-turbo,0
nli,1171,gpt-3.5-turbo,1
nli,1172,gpt-3.5-turbo,0
nli,1173,gpt-3.5-turbo,1
nli,1174,gpt-3.5-turbo,1
nli,1175,gpt-3.5-turbo,0
nli,1176,gpt-3.5-turbo,1
nli,1177,gpt-3.5-turbo,0
nli,1178,gpt-3.5-turbo,1
nli,1179,gpt-3.5-turbo,0
nli,1180,gpt-3.5-turbo,1
nli,1181,gpt-3.5-turbo,1
nli,1182,gpt-3.5-turbo,0
nli,1183,gpt-3.5-turbo,0
nli,1184,gpt-3.5-turbo,0
nli,1185,gpt-3.5-turbo,1
nli,1186,gpt-3.5-turbo,0
nli,1187,gpt-3.5-turbo,0
nli,1188,gpt-3.5-turbo,0
nli,1189,gpt-3.5-turbo,0
nli,1190,gpt-3.5-turbo,0
nli,1191,gpt-3.5-turbo,1
nli,1192,gpt-3.5-turbo,1
nli,1193,gpt-3.5-turbo,0
nli,1194,gpt-3.5-turbo,1
nli,1195,gpt-3.5-turbo,1
nli,1196,gpt-3.5-turbo,1
nli,1197,gpt-3.5-turbo,1
nli,1198,gpt-3.5-turbo,1
nli,1199,gpt-3.5-turbo,1
nli,1200,gpt-3.5-turbo,0
nli,1201,gpt-3.5-turbo,0
nli,1202,gpt-3.5-turbo,0
nli,1203,gpt-3.5-turbo,1
nli,1204,gpt-3.5-turbo,1
nli,1205,gpt-3.5-turbo,1
nli,1206,gpt-3.5-turbo,1
nli,1207,gpt-3.5-turbo,1
nli,1208,gpt-3.5-turbo,1
nli,1209,gpt-3.5-turbo,1
nli,1210,gpt-3.5-turbo,1
nli,1211,gpt-3.5-turbo,0
nli,1212,gpt-3.5-turbo,1
nli,1213,gpt-3.5-turbo,1
nli,1214,gpt-3.5-turbo,1
nli,1215,gpt-3.5-turbo,0
nli,1216,gpt-3.5-turbo,1
nli,1217,gpt-3.5-turbo,1
nli,1218,gpt-3.5-turbo,0
nli,1219,gpt-3.5-turbo,0
nli,1220,gpt-3.5-turbo,0
nli,1221,gpt-3.5-turbo,0
nli,1222,gpt-3.5-turbo,1
nli,1223,gpt-3.5-turbo,0
nli,1224,gpt-3.5-turbo,0
nli,1225,gpt-3.5-turbo,1
nli,1226,gpt-3.5-turbo,0
nli,1227,gpt-3.5-turbo,0
nli,1228,gpt-3.5-turbo,1
nli,1229,gpt-3.5-turbo,1
nli,1230,gpt-3.5-turbo,1
nli,1231,gpt-3.5-turbo,0
nli,1232,gpt-3.5-turbo,1
nli,1233,gpt-3.5-turbo,1
nli,1234,gpt-3.5-turbo,0
nli,1235,gpt-3.5-turbo,1
nli,1236,gpt-3.5-turbo,1
nli,1237,gpt-3.5-turbo,1
nli,1238,gpt-3.5-turbo,1
nli,1239,gpt-3.5-turbo,1
nli,1240,gpt-3.5-turbo,0
nli,1241,gpt-3.5-turbo,1
nli,1242,gpt-3.5-turbo,1
nli,1243,gpt-3.5-turbo,0
nli,1244,gpt-3.5-turbo,0
nli,1245,gpt-3.5-turbo,1
nli,1246,gpt-3.5-turbo,1
nli,1247,gpt-3.5-turbo,0
nli,1248,gpt-3.5-turbo,0
nli,1249,gpt-3.5-turbo,1
nli,1250,gpt-3.5-turbo,0
nli,1251,gpt-3.5-turbo,1
nli,1252,gpt-3.5-turbo,1
nli,1253,gpt-3.5-turbo,1
nli,1254,gpt-3.5-turbo,0
nli,1255,gpt-3.5-turbo,1
nli,1256,gpt-3.5-turbo,0
nli,1257,gpt-3.5-turbo,0
nli,1258,gpt-3.5-turbo,1
nli,1259,gpt-3.5-turbo,0
nli,1260,gpt-3.5-turbo,1
nli,1261,gpt-3.5-turbo,0
nli,1262,gpt-3.5-turbo,1
nli,1263,gpt-3.5-turbo,0
nli,1264,gpt-3.5-turbo,0
nli,1265,gpt-3.5-turbo,0
nli,1266,gpt-3.5-turbo,0
nli,1267,gpt-3.5-turbo,1
nli,1268,gpt-3.5-turbo,0
nli,1269,gpt-3.5-turbo,1
nli,1270,gpt-3.5-turbo,0
nli,1271,gpt-3.5-turbo,0
nli,1272,gpt-3.5-turbo,1
nli,1273,gpt-3.5-turbo,0
nli,1274,gpt-3.5-turbo,1
nli,1275,gpt-3.5-turbo,0
nli,1276,gpt-3.5-turbo,0
nli,1277,gpt-3.5-turbo,1
nli,1278,gpt-3.5-turbo,1
nli,1279,gpt-3.5-turbo,1
nli,1280,gpt-3.5-turbo,0
nli,1281,gpt-3.5-turbo,0
nli,1282,gpt-3.5-turbo,0
nli,1283,gpt-3.5-turbo,0
nli,1284,gpt-3.5-turbo,1
nli,1285,gpt-3.5-turbo,1
nli,1286,gpt-3.5-turbo,1
nli,1287,gpt-3.5-turbo,1
nli,1288,gpt-3.5-turbo,1
nli,1289,gpt-3.5-turbo,1
nli,1290,gpt-3.5-turbo,0
nli,1291,gpt-3.5-turbo,1
nli,1292,gpt-3.5-turbo,0
nli,1293,gpt-3.5-turbo,0
nli,1294,gpt-3.5-turbo,1
nli,1295,gpt-3.5-turbo,1
nli,1296,gpt-3.5-turbo,0
nli,1297,gpt-3.5-turbo,0
nli,1298,gpt-3.5-turbo,1
nli,1299,gpt-3.5-turbo,1
nli,1300,gpt-3.5-turbo,1
nli,1301,gpt-3.5-turbo,0
nli,1302,gpt-3.5-turbo,1
nli,1303,gpt-3.5-turbo,0
nli,1304,gpt-3.5-turbo,0
nli,1305,gpt-3.5-turbo,0
nli,1306,gpt-3.5-turbo,0
nli,1307,gpt-3.5-turbo,1
nli,1308,gpt-3.5-turbo,0
nli,1309,gpt-3.5-turbo,1
nli,1310,gpt-3.5-turbo,1
nli,1311,gpt-3.5-turbo,0
nli,1312,gpt-3.5-turbo,0
nli,1313,gpt-3.5-turbo,1
nli,1314,gpt-3.5-turbo,1
nli,1315,gpt-3.5-turbo,0
nli,1316,gpt-3.5-turbo,0
nli,1317,gpt-3.5-turbo,1
nli,1318,gpt-3.5-turbo,1
nli,1319,gpt-3.5-turbo,1
nli,1320,gpt-3.5-turbo,1
nli,1321,gpt-3.5-turbo,1
nli,1322,gpt-3.5-turbo,0
nli,1323,gpt-3.5-turbo,1
nli,1324,gpt-3.5-turbo,1
nli,1325,gpt-3.5-turbo,1
nli,1326,gpt-3.5-turbo,0
nli,1327,gpt-3.5-turbo,0
nli,1328,gpt-3.5-turbo,1
nli,1329,gpt-3.5-turbo,0
nli,1330,gpt-3.5-turbo,1
nli,1331,gpt-3.5-turbo,1
nli,1332,gpt-3.5-turbo,0
nli,1333,gpt-3.5-turbo,1
nli,1334,gpt-3.5-turbo,0
nli,1335,gpt-3.5-turbo,1
nli,1336,gpt-3.5-turbo,1
nli,1337,gpt-3.5-turbo,1
nli,1338,gpt-3.5-turbo,1
nli,1339,gpt-3.5-turbo,1
nli,1340,gpt-3.5-turbo,0
nli,1341,gpt-3.5-turbo,0
nli,1342,gpt-3.5-turbo,0
nli,1343,gpt-3.5-turbo,0
nli,1344,gpt-3.5-turbo,0
nli,1345,gpt-3.5-turbo,0
nli,1346,gpt-3.5-turbo,0
nli,1347,gpt-3.5-turbo,0
nli,1348,gpt-3.5-turbo,1
nli,1349,gpt-3.5-turbo,0
nli,1350,gpt-3.5-turbo,1
nli,1351,gpt-3.5-turbo,1
nli,1352,gpt-3.5-turbo,1
nli,1353,gpt-3.5-turbo,0
nli,1354,gpt-3.5-turbo,1
nli,1355,gpt-3.5-turbo,0
nli,1356,gpt-3.5-turbo,1
nli,1357,gpt-3.5-turbo,0
nli,1358,gpt-3.5-turbo,1
nli,1359,gpt-3.5-turbo,1
nli,1360,gpt-3.5-turbo,0
nli,1361,gpt-3.5-turbo,1
nli,1362,gpt-3.5-turbo,0
nli,1363,gpt-3.5-turbo,0
nli,1364,gpt-3.5-turbo,0
nli,1365,gpt-3.5-turbo,0
nli,1366,gpt-3.5-turbo,1
nli,1367,gpt-3.5-turbo,1
nli,1368,gpt-3.5-turbo,0
nli,1369,gpt-3.5-turbo,0
nli,1370,gpt-3.5-turbo,0
nli,1371,gpt-3.5-turbo,1
nli,1372,gpt-3.5-turbo,1
nli,1373,gpt-3.5-turbo,0
nli,1374,gpt-3.5-turbo,0
nli,1375,gpt-3.5-turbo,0
nli,1376,gpt-3.5-turbo,1
nli,1377,gpt-3.5-turbo,0
nli,1378,gpt-3.5-turbo,1
nli,1379,gpt-3.5-turbo,1
nli,1380,gpt-3.5-turbo,0
nli,1381,gpt-3.5-turbo,1
nli,1382,gpt-3.5-turbo,1
nli,1383,gpt-3.5-turbo,0
nli,1384,gpt-3.5-turbo,1
nli,1385,gpt-3.5-turbo,0
nli,1386,gpt-3.5-turbo,1
nli,1387,gpt-3.5-turbo,0
nli,1388,gpt-3.5-turbo,0
nli,1389,gpt-3.5-turbo,1
nli,1390,gpt-3.5-turbo,0
nli,1391,gpt-3.5-turbo,1
nli,1392,gpt-3.5-turbo,0
nli,1393,gpt-3.5-turbo,0
nli,1394,gpt-3.5-turbo,0
nli,1395,gpt-3.5-turbo,1
nli,1396,gpt-3.5-turbo,0
nli,1397,gpt-3.5-turbo,0
nli,1398,gpt-3.5-turbo,1
nli,1399,gpt-3.5-turbo,0
nli,1400,gpt-3.5-turbo,1
nli,1401,gpt-3.5-turbo,0
nli,1402,gpt-3.5-turbo,1
nli,1403,gpt-3.5-turbo,0
nli,1404,gpt-3.5-turbo,1
nli,1405,gpt-3.5-turbo,0
nli,1406,gpt-3.5-turbo,1
nli,1407,gpt-3.5-turbo,0
nli,1408,gpt-3.5-turbo,1
nli,1409,gpt-3.5-turbo,0
nli,1410,gpt-3.5-turbo,1
nli,1411,gpt-3.5-turbo,0
nli,1412,gpt-3.5-turbo,1
nli,1413,gpt-3.5-turbo,1
nli,1414,gpt-3.5-turbo,1
nli,1415,gpt-3.5-turbo,1
nli,1416,gpt-3.5-turbo,0
nli,1417,gpt-3.5-turbo,1
nli,1418,gpt-3.5-turbo,1
nli,1419,gpt-3.5-turbo,1
nli,1420,gpt-3.5-turbo,1
nli,1421,gpt-3.5-turbo,1
nli,1422,gpt-3.5-turbo,1
nli,1423,gpt-3.5-turbo,1
nli,1424,gpt-3.5-turbo,0
nli,1425,gpt-3.5-turbo,1
nli,1426,gpt-3.5-turbo,1
nli,1427,gpt-3.5-turbo,0
nli,1428,gpt-3.5-turbo,1
nli,1429,gpt-3.5-turbo,1
nli,1430,gpt-3.5-turbo,0
nli,1431,gpt-3.5-turbo,0
nli,1432,gpt-3.5-turbo,1
nli,1433,gpt-3.5-turbo,0
nli,1434,gpt-3.5-turbo,1
nli,1435,gpt-3.5-turbo,1
nli,1436,gpt-3.5-turbo,0
nli,1437,gpt-3.5-turbo,1
nli,1438,gpt-3.5-turbo,1
nli,1439,gpt-3.5-turbo,1
nli,1440,gpt-3.5-turbo,0
nli,1441,gpt-3.5-turbo,1
nli,1442,gpt-3.5-turbo,0
nli,1443,gpt-3.5-turbo,1
nli,1444,gpt-3.5-turbo,1
nli,1445,gpt-3.5-turbo,0
nli,1446,gpt-3.5-turbo,0
nli,1447,gpt-3.5-turbo,1
nli,1448,gpt-3.5-turbo,0
nli,1449,gpt-3.5-turbo,0
nli,1450,gpt-3.5-turbo,1
nli,1451,gpt-3.5-turbo,0
nli,1452,gpt-3.5-turbo,1
nli,1453,gpt-3.5-turbo,1
nli,1454,gpt-3.5-turbo,1
nli,1455,gpt-3.5-turbo,1
nli,1456,gpt-3.5-turbo,0
nli,1457,gpt-3.5-turbo,1
nli,1458,gpt-3.5-turbo,1
nli,1459,gpt-3.5-turbo,0
nli,1460,gpt-3.5-turbo,0
nli,1461,gpt-3.5-turbo,0
nli,1462,gpt-3.5-turbo,1
nli,1463,gpt-3.5-turbo,0
nli,1464,gpt-3.5-turbo,0
nli,1465,gpt-3.5-turbo,1
nli,1466,gpt-3.5-turbo,0
nli,1467,gpt-3.5-turbo,1
nli,1468,gpt-3.5-turbo,1
nli,1469,gpt-3.5-turbo,0
nli,1470,gpt-3.5-turbo,0
nli,1471,gpt-3.5-turbo,0
nli,1472,gpt-3.5-turbo,1
nli,1473,gpt-3.5-turbo,1
nli,1474,gpt-3.5-turbo,0
nli,1475,gpt-3.5-turbo,0
nli,1476,gpt-3.5-turbo,0
nli,1477,gpt-3.5-turbo,1
nli,1478,gpt-3.5-turbo,0
nli,1479,gpt-3.5-turbo,0
nli,1480,gpt-3.5-turbo,0
nli,1481,gpt-3.5-turbo,0
nli,1482,gpt-3.5-turbo,1
nli,1483,gpt-3.5-turbo,0
nli,1484,gpt-3.5-turbo,0
nli,1485,gpt-3.5-turbo,1
nli,1486,gpt-3.5-turbo,0
nli,1487,gpt-3.5-turbo,0
nli,1488,gpt-3.5-turbo,1
nli,1489,gpt-3.5-turbo,0
nli,1490,gpt-3.5-turbo,0
nli,1491,gpt-3.5-turbo,1
nli,1492,gpt-3.5-turbo,0
nli,1493,gpt-3.5-turbo,0
nli,1494,gpt-3.5-turbo,0
nli,1495,gpt-3.5-turbo,1
nli,1496,gpt-3.5-turbo,0
nli,1497,gpt-3.5-turbo,0
nli,1498,gpt-3.5-turbo,1
nli,1499,gpt-3.5-turbo,1
nli,1500,gpt-3.5-turbo,0
nli,1501,gpt-3.5-turbo,1
nli,1502,gpt-3.5-turbo,0
nli,1503,gpt-3.5-turbo,1
nli,1504,gpt-3.5-turbo,1
nli,1505,gpt-3.5-turbo,1
nli,1506,gpt-3.5-turbo,0
nli,1507,gpt-3.5-turbo,1
nli,1508,gpt-3.5-turbo,0
nli,1509,gpt-3.5-turbo,1
nli,1510,gpt-3.5-turbo,1
nli,1511,gpt-3.5-turbo,1
nli,1512,gpt-3.5-turbo,1
nli,1513,gpt-3.5-turbo,1
nli,1514,gpt-3.5-turbo,0
nli,1515,gpt-3.5-turbo,0
nli,1516,gpt-3.5-turbo,0
nli,1517,gpt-3.5-turbo,0
nli,1518,gpt-3.5-turbo,1
nli,1519,gpt-3.5-turbo,1
nli,1520,gpt-3.5-turbo,0
nli,1521,gpt-3.5-turbo,0
nli,1522,gpt-3.5-turbo,0
nli,1523,gpt-3.5-turbo,0
nli,1524,gpt-3.5-turbo,0
nli,1525,gpt-3.5-turbo,1
nli,1526,gpt-3.5-turbo,1
nli,1527,gpt-3.5-turbo,1
nli,1528,gpt-3.5-turbo,0
nli,1529,gpt-3.5-turbo,1
nli,1530,gpt-3.5-turbo,0
nli,1531,gpt-3.5-turbo,0
nli,1532,gpt-3.5-turbo,0
nli,1533,gpt-3.5-turbo,0
nli,1534,gpt-3.5-turbo,1
nli,1535,gpt-3.5-turbo,0
nli,1536,gpt-3.5-turbo,1
nli,1537,gpt-3.5-turbo,0
nli,1538,gpt-3.5-turbo,1
nli,1539,gpt-3.5-turbo,0
nli,1540,gpt-3.5-turbo,0
nli,1541,gpt-3.5-turbo,0
nli,1542,gpt-3.5-turbo,0
nli,1543,gpt-3.5-turbo,1
nli,1544,gpt-3.5-turbo,0
nli,1545,gpt-3.5-turbo,0
nli,1546,gpt-3.5-turbo,1
nli,1547,gpt-3.5-turbo,0
nli,1548,gpt-3.5-turbo,1
nli,1549,gpt-3.5-turbo,1
nli,1550,gpt-3.5-turbo,1
nli,1551,gpt-3.5-turbo,1
nli,1552,gpt-3.5-turbo,0
nli,1553,gpt-3.5-turbo,1
nli,1554,gpt-3.5-turbo,0
nli,1555,gpt-3.5-turbo,1
nli,1556,gpt-3.5-turbo,0
nli,1557,gpt-3.5-turbo,0
nli,1558,gpt-3.5-turbo,1
nli,1559,gpt-3.5-turbo,0
nli,1560,gpt-3.5-turbo,1
nli,1561,gpt-3.5-turbo,1
nli,1562,gpt-3.5-turbo,0
nli,1563,gpt-3.5-turbo,0
nli,1564,gpt-3.5-turbo,1
nli,1565,gpt-3.5-turbo,1
nli,1566,gpt-3.5-turbo,0
nli,1567,gpt-3.5-turbo,0
nli,1568,gpt-3.5-turbo,1
nli,1569,gpt-3.5-turbo,1
nli,1570,gpt-3.5-turbo,1
nli,1571,gpt-3.5-turbo,1
nli,1572,gpt-3.5-turbo,0
nli,1573,gpt-3.5-turbo,0
nli,1574,gpt-3.5-turbo,0
nli,1575,gpt-3.5-turbo,1
nli,1576,gpt-3.5-turbo,1
nli,1577,gpt-3.5-turbo,1
nli,1578,gpt-3.5-turbo,1
nli,1579,gpt-3.5-turbo,0
nli,1580,gpt-3.5-turbo,1
nli,1581,gpt-3.5-turbo,0
nli,1582,gpt-3.5-turbo,0
nli,1583,gpt-3.5-turbo,1
nli,1584,gpt-3.5-turbo,0
nli,1585,gpt-3.5-turbo,0
nli,1586,gpt-3.5-turbo,0
nli,1587,gpt-3.5-turbo,0
nli,1588,gpt-3.5-turbo,1
nli,1589,gpt-3.5-turbo,1
nli,1590,gpt-3.5-turbo,0
nli,1591,gpt-3.5-turbo,0
nli,1592,gpt-3.5-turbo,0
nli,1593,gpt-3.5-turbo,0
nli,1594,gpt-3.5-turbo,0
nli,1595,gpt-3.5-turbo,1
nli,1596,gpt-3.5-turbo,0
nli,1597,gpt-3.5-turbo,1
nli,1598,gpt-3.5-turbo,1
nli,1599,gpt-3.5-turbo,1
nli,1600,gpt-3.5-turbo,0
nli,1601,gpt-3.5-turbo,0
nli,1602,gpt-3.5-turbo,1
nli,1603,gpt-3.5-turbo,1
nli,1604,gpt-3.5-turbo,1
nli,1605,gpt-3.5-turbo,1
nli,1606,gpt-3.5-turbo,0
nli,1607,gpt-3.5-turbo,0
nli,1608,gpt-3.5-turbo,0
nli,1609,gpt-3.5-turbo,0
nli,1610,gpt-3.5-turbo,1
nli,1611,gpt-3.5-turbo,1
nli,1612,gpt-3.5-turbo,1
nli,1613,gpt-3.5-turbo,1
nli,1614,gpt-3.5-turbo,1
nli,1615,gpt-3.5-turbo,1
nli,1616,gpt-3.5-turbo,0
nli,1617,gpt-3.5-turbo,1
nli,1618,gpt-3.5-turbo,0
nli,1619,gpt-3.5-turbo,0
nli,1620,gpt-3.5-turbo,1
nli,1621,gpt-3.5-turbo,1
nli,1622,gpt-3.5-turbo,0
nli,1623,gpt-3.5-turbo,1
nli,1624,gpt-3.5-turbo,1
nli,1625,gpt-3.5-turbo,1
nli,1626,gpt-3.5-turbo,1
nli,1627,gpt-3.5-turbo,0
nli,1628,gpt-3.5-turbo,1
nli,1629,gpt-3.5-turbo,0
nli,1630,gpt-3.5-turbo,1
nli,1631,gpt-3.5-turbo,0
nli,1632,gpt-3.5-turbo,0
nli,1633,gpt-3.5-turbo,1
nli,1634,gpt-3.5-turbo,1
nli,1635,gpt-3.5-turbo,0
nli,1636,gpt-3.5-turbo,1
nli,1637,gpt-3.5-turbo,0
nli,1638,gpt-3.5-turbo,1
nli,1639,gpt-3.5-turbo,0
nli,1640,gpt-3.5-turbo,1
nli,1641,gpt-3.5-turbo,0
nli,1642,gpt-3.5-turbo,1
nli,1643,gpt-3.5-turbo,1
nli,1644,gpt-3.5-turbo,1
nli,1645,gpt-3.5-turbo,1
nli,1646,gpt-3.5-turbo,1
nli,1647,gpt-3.5-turbo,0
nli,1648,gpt-3.5-turbo,1
nli,1649,gpt-3.5-turbo,0
nli,1650,gpt-3.5-turbo,0
nli,1651,gpt-3.5-turbo,0
nli,1652,gpt-3.5-turbo,1
nli,1653,gpt-3.5-turbo,1
nli,1654,gpt-3.5-turbo,1
nli,1655,gpt-3.5-turbo,0
nli,1656,gpt-3.5-turbo,0
nli,1657,gpt-3.5-turbo,1
nli,1658,gpt-3.5-turbo,1
nli,1659,gpt-3.5-turbo,1
nli,1660,gpt-3.5-turbo,1
nli,1661,gpt-3.5-turbo,0
nli,1662,gpt-3.5-turbo,1
nli,1663,gpt-3.5-turbo,1
nli,1664,gpt-3.5-turbo,1
nli,1665,gpt-3.5-turbo,1
nli,1666,gpt-3.5-turbo,0
nli,1667,gpt-3.5-turbo,0
nli,1668,gpt-3.5-turbo,0
nli,1669,gpt-3.5-turbo,1
nli,1670,gpt-3.5-turbo,1
nli,1671,gpt-3.5-turbo,0
nli,1672,gpt-3.5-turbo,1
nli,1673,gpt-3.5-turbo,0
nli,1674,gpt-3.5-turbo,1
nli,1675,gpt-3.5-turbo,1
nli,1676,gpt-3.5-turbo,0
nli,1677,gpt-3.5-turbo,1
nli,1678,gpt-3.5-turbo,0
nli,1679,gpt-3.5-turbo,0
nli,1680,gpt-3.5-turbo,1
nli,1681,gpt-3.5-turbo,1
nli,1682,gpt-3.5-turbo,0
nli,1683,gpt-3.5-turbo,0
nli,1684,gpt-3.5-turbo,0
nli,1685,gpt-3.5-turbo,1
nli,1686,gpt-3.5-turbo,1
nli,1687,gpt-3.5-turbo,0
nli,1688,gpt-3.5-turbo,1
nli,1689,gpt-3.5-turbo,0
nli,1690,gpt-3.5-turbo,1
nli,1691,gpt-3.5-turbo,0
nli,1692,gpt-3.5-turbo,0
nli,1693,gpt-3.5-turbo,0
nli,1694,gpt-3.5-turbo,1
nli,1695,gpt-3.5-turbo,0
nli,1696,gpt-3.5-turbo,0
nli,1697,gpt-3.5-turbo,1
nli,1698,gpt-3.5-turbo,0
nli,1699,gpt-3.5-turbo,1
nli,1700,gpt-3.5-turbo,0
nli,1701,gpt-3.5-turbo,0
nli,1702,gpt-3.5-turbo,1
nli,1703,gpt-3.5-turbo,1
nli,1704,gpt-3.5-turbo,0
nli,1705,gpt-3.5-turbo,0
nli,1706,gpt-3.5-turbo,1
nli,1707,gpt-3.5-turbo,1
nli,1708,gpt-3.5-turbo,1
nli,1709,gpt-3.5-turbo,1
nli,1710,gpt-3.5-turbo,0
nli,1711,gpt-3.5-turbo,1
nli,1712,gpt-3.5-turbo,0
nli,1713,gpt-3.5-turbo,0
nli,1714,gpt-3.5-turbo,1
nli,1715,gpt-3.5-turbo,1
nli,1716,gpt-3.5-turbo,1
nli,1717,gpt-3.5-turbo,0
nli,1718,gpt-3.5-turbo,0
nli,1719,gpt-3.5-turbo,0
nli,1720,gpt-3.5-turbo,1
nli,1721,gpt-3.5-turbo,0
nli,1722,gpt-3.5-turbo,1
nli,1723,gpt-3.5-turbo,1
nli,1724,gpt-3.5-turbo,0
nli,1725,gpt-3.5-turbo,1
nli,1726,gpt-3.5-turbo,0
nli,1727,gpt-3.5-turbo,1
nli,1728,gpt-3.5-turbo,0
nli,1729,gpt-3.5-turbo,0
nli,1730,gpt-3.5-turbo,0
nli,1731,gpt-3.5-turbo,0
nli,1732,gpt-3.5-turbo,0
nli,1733,gpt-3.5-turbo,0
nli,1734,gpt-3.5-turbo,1
nli,1735,gpt-3.5-turbo,1
nli,1736,gpt-3.5-turbo,1
nli,1737,gpt-3.5-turbo,0
nli,1738,gpt-3.5-turbo,0
nli,1739,gpt-3.5-turbo,0
nli,1740,gpt-3.5-turbo,0
nli,1741,gpt-3.5-turbo,0
nli,1742,gpt-3.5-turbo,0
nli,1743,gpt-3.5-turbo,0
nli,1744,gpt-3.5-turbo,0
nli,1745,gpt-3.5-turbo,0
nli,1746,gpt-3.5-turbo,1
nli,1747,gpt-3.5-turbo,1
nli,1748,gpt-3.5-turbo,0
nli,1749,gpt-3.5-turbo,0
nli,1750,gpt-3.5-turbo,1
nli,1751,gpt-3.5-turbo,0
nli,1752,gpt-3.5-turbo,0
nli,1753,gpt-3.5-turbo,1
nli,1754,gpt-3.5-turbo,0
nli,1755,gpt-3.5-turbo,1
nli,1756,gpt-3.5-turbo,1
nli,1757,gpt-3.5-turbo,0
nli,1758,gpt-3.5-turbo,0
nli,1759,gpt-3.5-turbo,1
nli,1760,gpt-3.5-turbo,1
nli,1761,gpt-3.5-turbo,0
nli,1762,gpt-3.5-turbo,1
nli,1763,gpt-3.5-turbo,1
nli,1764,gpt-3.5-turbo,0
nli,1765,gpt-3.5-turbo,1
nli,1766,gpt-3.5-turbo,1
nli,1767,gpt-3.5-turbo,0
nli,1768,gpt-3.5-turbo,0
nli,1769,gpt-3.5-turbo,0
nli,1770,gpt-3.5-turbo,1
nli,1771,gpt-3.5-turbo,0
nli,1772,gpt-3.5-turbo,1
nli,1773,gpt-3.5-turbo,0
nli,1774,gpt-3.5-turbo,0
nli,1775,gpt-3.5-turbo,0
nli,1776,gpt-3.5-turbo,0
nli,1777,gpt-3.5-turbo,0
nli,1778,gpt-3.5-turbo,0
nli,1779,gpt-3.5-turbo,1
nli,1780,gpt-3.5-turbo,0
nli,1781,gpt-3.5-turbo,0
nli,1782,gpt-3.5-turbo,1
nli,1783,gpt-3.5-turbo,0
nli,1784,gpt-3.5-turbo,1
nli,1785,gpt-3.5-turbo,1
nli,1786,gpt-3.5-turbo,0
nli,1787,gpt-3.5-turbo,0
nli,1788,gpt-3.5-turbo,0
nli,1789,gpt-3.5-turbo,1
nli,1790,gpt-3.5-turbo,1
nli,1791,gpt-3.5-turbo,1
nli,1792,gpt-3.5-turbo,1
nli,1793,gpt-3.5-turbo,1
nli,1794,gpt-3.5-turbo,0
nli,1795,gpt-3.5-turbo,1
nli,1796,gpt-3.5-turbo,0
nli,1797,gpt-3.5-turbo,0
nli,1798,gpt-3.5-turbo,0
nli,1799,gpt-3.5-turbo,1
nli,1800,gpt-3.5-turbo,1
nli,1801,gpt-3.5-turbo,1
nli,1802,gpt-3.5-turbo,1
nli,1803,gpt-3.5-turbo,1
nli,1804,gpt-3.5-turbo,1
nli,1805,gpt-3.5-turbo,1
nli,1806,gpt-3.5-turbo,1
nli,1807,gpt-3.5-turbo,1
nli,1808,gpt-3.5-turbo,1
nli,1809,gpt-3.5-turbo,0
nli,1810,gpt-3.5-turbo,0
nli,1811,gpt-3.5-turbo,0
nli,1812,gpt-3.5-turbo,0
nli,1813,gpt-3.5-turbo,1
nli,1814,gpt-3.5-turbo,1
nli,1815,gpt-3.5-turbo,1
nli,1816,gpt-3.5-turbo,1
nli,1817,gpt-3.5-turbo,0
nli,1818,gpt-3.5-turbo,0
nli,1819,gpt-3.5-turbo,1
nli,1820,gpt-3.5-turbo,1
nli,1821,gpt-3.5-turbo,1
nli,1822,gpt-3.5-turbo,1
nli,1823,gpt-3.5-turbo,0
nli,1824,gpt-3.5-turbo,0
nli,1825,gpt-3.5-turbo,1
nli,1826,gpt-3.5-turbo,1
nli,1827,gpt-3.5-turbo,1
nli,1828,gpt-3.5-turbo,1
nli,1829,gpt-3.5-turbo,1
nli,1830,gpt-3.5-turbo,1
nli,1831,gpt-3.5-turbo,0
nli,1832,gpt-3.5-turbo,0
nli,1833,gpt-3.5-turbo,0
nli,1834,gpt-3.5-turbo,1
nli,1835,gpt-3.5-turbo,1
nli,1836,gpt-3.5-turbo,0
nli,1837,gpt-3.5-turbo,0
nli,1838,gpt-3.5-turbo,0
nli,1839,gpt-3.5-turbo,1
nli,1840,gpt-3.5-turbo,1
nli,1841,gpt-3.5-turbo,1
nli,1842,gpt-3.5-turbo,0
nli,1843,gpt-3.5-turbo,0
nli,1844,gpt-3.5-turbo,0
nli,1845,gpt-3.5-turbo,0
nli,1846,gpt-3.5-turbo,0
nli,1847,gpt-3.5-turbo,0
nli,1848,gpt-3.5-turbo,0
nli,1849,gpt-3.5-turbo,1
nli,1850,gpt-3.5-turbo,0
nli,1851,gpt-3.5-turbo,0
nli,1852,gpt-3.5-turbo,1
nli,1853,gpt-3.5-turbo,0
nli,1854,gpt-3.5-turbo,1
nli,1855,gpt-3.5-turbo,0
nli,1856,gpt-3.5-turbo,1
nli,1857,gpt-3.5-turbo,0
nli,1858,gpt-3.5-turbo,1
nli,1859,gpt-3.5-turbo,1
nli,1860,gpt-3.5-turbo,1
nli,1861,gpt-3.5-turbo,1
nli,1862,gpt-3.5-turbo,1
nli,1863,gpt-3.5-turbo,1
nli,1864,gpt-3.5-turbo,0
nli,1865,gpt-3.5-turbo,0
nli,1866,gpt-3.5-turbo,0
nli,1867,gpt-3.5-turbo,1
nli,1868,gpt-3.5-turbo,1
nli,1869,gpt-3.5-turbo,1
nli,1870,gpt-3.5-turbo,0
nli,1871,gpt-3.5-turbo,0
nli,1872,gpt-3.5-turbo,1
nli,1873,gpt-3.5-turbo,0
nli,1874,gpt-3.5-turbo,0
nli,1875,gpt-3.5-turbo,1
nli,1876,gpt-3.5-turbo,0
nli,1877,gpt-3.5-turbo,1
nli,1878,gpt-3.5-turbo,1
nli,1879,gpt-3.5-turbo,0
nli,1880,gpt-3.5-turbo,0
nli,1881,gpt-3.5-turbo,0
nli,1882,gpt-3.5-turbo,1
nli,1883,gpt-3.5-turbo,1
nli,1884,gpt-3.5-turbo,0
nli,1885,gpt-3.5-turbo,0
nli,1886,gpt-3.5-turbo,1
nli,1887,gpt-3.5-turbo,0
nli,1888,gpt-3.5-turbo,0
nli,1889,gpt-3.5-turbo,0
nli,1890,gpt-3.5-turbo,0
nli,1891,gpt-3.5-turbo,0
nli,1892,gpt-3.5-turbo,1
nli,1893,gpt-3.5-turbo,1
nli,1894,gpt-3.5-turbo,1
nli,1895,gpt-3.5-turbo,0
nli,1896,gpt-3.5-turbo,1
nli,1897,gpt-3.5-turbo,0
nli,1898,gpt-3.5-turbo,0
nli,1899,gpt-3.5-turbo,1
nli,1900,gpt-3.5-turbo,1
nli,1901,gpt-3.5-turbo,1
nli,1902,gpt-3.5-turbo,0
nli,1903,gpt-3.5-turbo,0
nli,1904,gpt-3.5-turbo,0
nli,1905,gpt-3.5-turbo,0
nli,1906,gpt-3.5-turbo,1
nli,1907,gpt-3.5-turbo,1
nli,1908,gpt-3.5-turbo,1
nli,1909,gpt-3.5-turbo,0
nli,1910,gpt-3.5-turbo,0
nli,1911,gpt-3.5-turbo,1
nli,1912,gpt-3.5-turbo,1
nli,1913,gpt-3.5-turbo,0
nli,1914,gpt-3.5-turbo,0
nli,1915,gpt-3.5-turbo,1
nli,1916,gpt-3.5-turbo,0
nli,1917,gpt-3.5-turbo,0
nli,1918,gpt-3.5-turbo,1
nli,1919,gpt-3.5-turbo,1
nli,1920,gpt-3.5-turbo,0
nli,1921,gpt-3.5-turbo,1
nli,1922,gpt-3.5-turbo,0
nli,1923,gpt-3.5-turbo,1
nli,1924,gpt-3.5-turbo,0
nli,1925,gpt-3.5-turbo,1
nli,1926,gpt-3.5-turbo,1
nli,1927,gpt-3.5-turbo,0
nli,1928,gpt-3.5-turbo,1
nli,1929,gpt-3.5-turbo,1
nli,1930,gpt-3.5-turbo,1
nli,1931,gpt-3.5-turbo,0
nli,1932,gpt-3.5-turbo,0
nli,1933,gpt-3.5-turbo,1
nli,1934,gpt-3.5-turbo,1
nli,1935,gpt-3.5-turbo,1
nli,1936,gpt-3.5-turbo,0
nli,1937,gpt-3.5-turbo,1
nli,1938,gpt-3.5-turbo,1
nli,1939,gpt-3.5-turbo,0
nli,1940,gpt-3.5-turbo,1
nli,1941,gpt-3.5-turbo,0
nli,1942,gpt-3.5-turbo,0
nli,1943,gpt-3.5-turbo,0
nli,1944,gpt-3.5-turbo,1
nli,1945,gpt-3.5-turbo,1
nli,1946,gpt-3.5-turbo,1
nli,1947,gpt-3.5-turbo,0
nli,1948,gpt-3.5-turbo,0
nli,1949,gpt-3.5-turbo,1
nli,1950,gpt-3.5-turbo,1
nli,1951,gpt-3.5-turbo,0
nli,1952,gpt-3.5-turbo,0
nli,1953,gpt-3.5-turbo,1
nli,1954,gpt-3.5-turbo,0
nli,1955,gpt-3.5-turbo,0
nli,1956,gpt-3.5-turbo,0
nli,1957,gpt-3.5-turbo,1
nli,1958,gpt-3.5-turbo,0
nli,1959,gpt-3.5-turbo,1
nli,1960,gpt-3.5-turbo,0
nli,1961,gpt-3.5-turbo,1
nli,1962,gpt-3.5-turbo,1
nli,1963,gpt-3.5-turbo,1
nli,1964,gpt-3.5-turbo,0
nli,1965,gpt-3.5-turbo,1
nli,1966,gpt-3.5-turbo,0
nli,1967,gpt-3.5-turbo,1
nli,1968,gpt-3.5-turbo,0
nli,1969,gpt-3.5-turbo,1
nli,1970,gpt-3.5-turbo,0
nli,1971,gpt-3.5-turbo,0
nli,1972,gpt-3.5-turbo,1
nli,1973,gpt-3.5-turbo,1
nli,1974,gpt-3.5-turbo,0
nli,1975,gpt-3.5-turbo,1
nli,1976,gpt-3.5-turbo,1
nli,1977,gpt-3.5-turbo,0
nli,1978,gpt-3.5-turbo,0
nli,1979,gpt-3.5-turbo,1
nli,1980,gpt-3.5-turbo,1
nli,1981,gpt-3.5-turbo,0
nli,1982,gpt-3.5-turbo,0
nli,1983,gpt-3.5-turbo,1
nli,1984,gpt-3.5-turbo,1
nli,1985,gpt-3.5-turbo,1
nli,1986,gpt-3.5-turbo,1
nli,1987,gpt-3.5-turbo,1
nli,1988,gpt-3.5-turbo,1
nli,1989,gpt-3.5-turbo,1
nli,1990,gpt-3.5-turbo,0
nli,1991,gpt-3.5-turbo,1
nli,1992,gpt-3.5-turbo,0
nli,1993,gpt-3.5-turbo,1
nli,1994,gpt-3.5-turbo,0
nli,1995,gpt-3.5-turbo,0
nli,1996,gpt-3.5-turbo,1
nli,1997,gpt-3.5-turbo,0
nli,1998,gpt-3.5-turbo,1
nli,1999,gpt-3.5-turbo,0
nli,2000,gpt-3.5-turbo,0
nli,2001,gpt-3.5-turbo,0
nli,2002,gpt-3.5-turbo,1
nli,2003,gpt-3.5-turbo,0
nli,2004,gpt-3.5-turbo,1
nli,2005,gpt-3.5-turbo,1
nli,2006,gpt-3.5-turbo,0
nli,2007,gpt-3.5-turbo,1
nli,2008,gpt-3.5-turbo,1
nli,2009,gpt-3.5-turbo,1
nli,2010,gpt-3.5-turbo,1
nli,2011,gpt-3.5-turbo,0
nli,2012,gpt-3.5-turbo,1
nli,2013,gpt-3.5-turbo,0
nli,2014,gpt-3.5-turbo,1
nli,2015,gpt-3.5-turbo,0
nli,2016,gpt-3.5-turbo,0
nli,2017,gpt-3.5-turbo,0
nli,2018,gpt-3.5-turbo,0
nli,2019,gpt-3.5-turbo,0
nli,2020,gpt-3.5-turbo,0
nli,2021,gpt-3.5-turbo,1
nli,2022,gpt-3.5-turbo,0
nli,2023,gpt-3.5-turbo,1
nli,2024,gpt-3.5-turbo,1
nli,2025,gpt-3.5-turbo,1
nli,2026,gpt-3.5-turbo,1
nli,2027,gpt-3.5-turbo,0
nli,2028,gpt-3.5-turbo,1
nli,2029,gpt-3.5-turbo,0
nli,2030,gpt-3.5-turbo,0
nli,2031,gpt-3.5-turbo,0
nli,2032,gpt-3.5-turbo,1
nli,2033,gpt-3.5-turbo,1
nli,2034,gpt-3.5-turbo,0
nli,2035,gpt-3.5-turbo,0
nli,2036,gpt-3.5-turbo,0
nli,2037,gpt-3.5-turbo,1
nli,2038,gpt-3.5-turbo,0
nli,2039,gpt-3.5-turbo,0
nli,2040,gpt-3.5-turbo,1
nli,2041,gpt-3.5-turbo,1
nli,2042,gpt-3.5-turbo,1
nli,2043,gpt-3.5-turbo,0
nli,2044,gpt-3.5-turbo,1
nli,2045,gpt-3.5-turbo,1
nli,2046,gpt-3.5-turbo,0
nli,2047,gpt-3.5-turbo,0
nli,2048,gpt-3.5-turbo,0
nli,2049,gpt-3.5-turbo,0
nli,2050,gpt-3.5-turbo,1
nli,2051,gpt-3.5-turbo,1
nli,2052,gpt-3.5-turbo,0
nli,2053,gpt-3.5-turbo,0
nli,2054,gpt-3.5-turbo,1
nli,2055,gpt-3.5-turbo,0
nli,2056,gpt-3.5-turbo,1
nli,2057,gpt-3.5-turbo,0
nli,2058,gpt-3.5-turbo,0
nli,2059,gpt-3.5-turbo,1
nli,2060,gpt-3.5-turbo,1
nli,2061,gpt-3.5-turbo,0
nli,2062,gpt-3.5-turbo,0
nli,2063,gpt-3.5-turbo,1
nli,2064,gpt-3.5-turbo,1
nli,2065,gpt-3.5-turbo,1
nli,2066,gpt-3.5-turbo,1
nli,2067,gpt-3.5-turbo,1
nli,2068,gpt-3.5-turbo,1
nli,2069,gpt-3.5-turbo,1
nli,2070,gpt-3.5-turbo,1
nli,2071,gpt-3.5-turbo,0
nli,2072,gpt-3.5-turbo,1
nli,2073,gpt-3.5-turbo,0
nli,2074,gpt-3.5-turbo,1
nli,2075,gpt-3.5-turbo,1
nli,2076,gpt-3.5-turbo,0
nli,2077,gpt-3.5-turbo,1
nli,2078,gpt-3.5-turbo,0
nli,2079,gpt-3.5-turbo,1
nli,2080,gpt-3.5-turbo,1
nli,2081,gpt-3.5-turbo,1
nli,2082,gpt-3.5-turbo,1
nli,2083,gpt-3.5-turbo,1
nli,2084,gpt-3.5-turbo,1
nli,2085,gpt-3.5-turbo,0
nli,2086,gpt-3.5-turbo,0
nli,2087,gpt-3.5-turbo,1
nli,2088,gpt-3.5-turbo,1
nli,2089,gpt-3.5-turbo,0
nli,2090,gpt-3.5-turbo,0
nli,2091,gpt-3.5-turbo,0
nli,2092,gpt-3.5-turbo,1
nli,2093,gpt-3.5-turbo,1
nli,2094,gpt-3.5-turbo,1
nli,2095,gpt-3.5-turbo,1
nli,2096,gpt-3.5-turbo,0
nli,2097,gpt-3.5-turbo,0
nli,2098,gpt-3.5-turbo,1
nli,2099,gpt-3.5-turbo,0
nli,2100,gpt-3.5-turbo,1
nli,2101,gpt-3.5-turbo,0
nli,2102,gpt-3.5-turbo,1
nli,2103,gpt-3.5-turbo,0
nli,2104,gpt-3.5-turbo,1
nli,2105,gpt-3.5-turbo,1
nli,2106,gpt-3.5-turbo,1
nli,2107,gpt-3.5-turbo,0
nli,2108,gpt-3.5-turbo,0
nli,2109,gpt-3.5-turbo,0
nli,2110,gpt-3.5-turbo,1
nli,2111,gpt-3.5-turbo,0
nli,2112,gpt-3.5-turbo,0
nli,2113,gpt-3.5-turbo,0
nli,2114,gpt-3.5-turbo,1
nli,2115,gpt-3.5-turbo,1
nli,2116,gpt-3.5-turbo,0
nli,2117,gpt-3.5-turbo,1
nli,2118,gpt-3.5-turbo,0
nli,2119,gpt-3.5-turbo,0
nli,2120,gpt-3.5-turbo,1
nli,2121,gpt-3.5-turbo,0
nli,2122,gpt-3.5-turbo,1
nli,2123,gpt-3.5-turbo,0
nli,2124,gpt-3.5-turbo,1
nli,2125,gpt-3.5-turbo,0
nli,2126,gpt-3.5-turbo,0
nli,2127,gpt-3.5-turbo,1
nli,2128,gpt-3.5-turbo,0
nli,2129,gpt-3.5-turbo,1
nli,2130,gpt-3.5-turbo,1
nli,2131,gpt-3.5-turbo,1
nli,2132,gpt-3.5-turbo,1
nli,2133,gpt-3.5-turbo,1
nli,2134,gpt-3.5-turbo,0
nli,2135,gpt-3.5-turbo,1
nli,2136,gpt-3.5-turbo,1
nli,2137,gpt-3.5-turbo,0
nli,2138,gpt-3.5-turbo,0
nli,2139,gpt-3.5-turbo,0
nli,2140,gpt-3.5-turbo,0
nli,2141,gpt-3.5-turbo,1
nli,2142,gpt-3.5-turbo,1
nli,2143,gpt-3.5-turbo,1
nli,2144,gpt-3.5-turbo,1
nli,2145,gpt-3.5-turbo,1
nli,2146,gpt-3.5-turbo,0
nli,2147,gpt-3.5-turbo,0
nli,2148,gpt-3.5-turbo,1
nli,2149,gpt-3.5-turbo,0
nli,2150,gpt-3.5-turbo,0
nli,2151,gpt-3.5-turbo,1
nli,2152,gpt-3.5-turbo,1
nli,2153,gpt-3.5-turbo,0
nli,2154,gpt-3.5-turbo,0
nli,2155,gpt-3.5-turbo,0
nli,2156,gpt-3.5-turbo,1
nli,2157,gpt-3.5-turbo,1
nli,2158,gpt-3.5-turbo,1
nli,2159,gpt-3.5-turbo,0
nli,2160,gpt-3.5-turbo,0
nli,2161,gpt-3.5-turbo,1
nli,2162,gpt-3.5-turbo,1
nli,2163,gpt-3.5-turbo,0
nli,2164,gpt-3.5-turbo,1
nli,2165,gpt-3.5-turbo,0
nli,2166,gpt-3.5-turbo,0
nli,2167,gpt-3.5-turbo,0
nli,2168,gpt-3.5-turbo,0
nli,2169,gpt-3.5-turbo,0
nli,2170,gpt-3.5-turbo,0
nli,2171,gpt-3.5-turbo,0
nli,2172,gpt-3.5-turbo,0
nli,2173,gpt-3.5-turbo,1
nli,2174,gpt-3.5-turbo,0
nli,2175,gpt-3.5-turbo,1
nli,2176,gpt-3.5-turbo,1
nli,2177,gpt-3.5-turbo,1
nli,2178,gpt-3.5-turbo,1
nli,2179,gpt-3.5-turbo,0
nli,2180,gpt-3.5-turbo,0
nli,2181,gpt-3.5-turbo,1
nli,2182,gpt-3.5-turbo,0
nli,2183,gpt-3.5-turbo,0
nli,2184,gpt-3.5-turbo,0
nli,2185,gpt-3.5-turbo,1
nli,2186,gpt-3.5-turbo,0
nli,2187,gpt-3.5-turbo,0
nli,2188,gpt-3.5-turbo,0
nli,2189,gpt-3.5-turbo,1
nli,2190,gpt-3.5-turbo,0
nli,2191,gpt-3.5-turbo,1
nli,2192,gpt-3.5-turbo,1
nli,2193,gpt-3.5-turbo,1
nli,2194,gpt-3.5-turbo,0
nli,2195,gpt-3.5-turbo,0
nli,2196,gpt-3.5-turbo,1
nli,2197,gpt-3.5-turbo,0
nli,2198,gpt-3.5-turbo,1
nli,2199,gpt-3.5-turbo,1
nli,2200,gpt-3.5-turbo,0
nli,2201,gpt-3.5-turbo,0
nli,2202,gpt-3.5-turbo,0
nli,2203,gpt-3.5-turbo,0
nli,2204,gpt-3.5-turbo,0
nli,2205,gpt-3.5-turbo,0
nli,2206,gpt-3.5-turbo,1
nli,2207,gpt-3.5-turbo,0
nli,2208,gpt-3.5-turbo,0
nli,2209,gpt-3.5-turbo,1
nli,2210,gpt-3.5-turbo,0
nli,2211,gpt-3.5-turbo,1
nli,2212,gpt-3.5-turbo,0
nli,2213,gpt-3.5-turbo,1
nli,2214,gpt-3.5-turbo,1
nli,2215,gpt-3.5-turbo,0
nli,2216,gpt-3.5-turbo,0
nli,2217,gpt-3.5-turbo,0
nli,2218,gpt-3.5-turbo,0
nli,2219,gpt-3.5-turbo,0
nli,2220,gpt-3.5-turbo,1
nli,2221,gpt-3.5-turbo,0
nli,2222,gpt-3.5-turbo,0
nli,2223,gpt-3.5-turbo,0
nli,2224,gpt-3.5-turbo,1
nli,2225,gpt-3.5-turbo,0
nli,2226,gpt-3.5-turbo,0
nli,2227,gpt-3.5-turbo,0
nli,2228,gpt-3.5-turbo,1
nli,2229,gpt-3.5-turbo,0
nli,2230,gpt-3.5-turbo,1
nli,2231,gpt-3.5-turbo,1
nli,2232,gpt-3.5-turbo,0
nli,2233,gpt-3.5-turbo,1
nli,2234,gpt-3.5-turbo,0
nli,2235,gpt-3.5-turbo,1
nli,2236,gpt-3.5-turbo,0
nli,2237,gpt-3.5-turbo,1
nli,2238,gpt-3.5-turbo,0
nli,2239,gpt-3.5-turbo,1
nli,2240,gpt-3.5-turbo,1
nli,2241,gpt-3.5-turbo,1
nli,2242,gpt-3.5-turbo,0
nli,2243,gpt-3.5-turbo,1
nli,2244,gpt-3.5-turbo,1
nli,2245,gpt-3.5-turbo,1
nli,2246,gpt-3.5-turbo,1
nli,2247,gpt-3.5-turbo,1
nli,2248,gpt-3.5-turbo,0
nli,2249,gpt-3.5-turbo,1
nli,2250,gpt-3.5-turbo,0
nli,2251,gpt-3.5-turbo,1
nli,2252,gpt-3.5-turbo,1
nli,2253,gpt-3.5-turbo,1
nli,2254,gpt-3.5-turbo,0
nli,2255,gpt-3.5-turbo,1
nli,2256,gpt-3.5-turbo,0
nli,2257,gpt-3.5-turbo,0
nli,2258,gpt-3.5-turbo,1
nli,2259,gpt-3.5-turbo,0
nli,2260,gpt-3.5-turbo,0
nli,2261,gpt-3.5-turbo,0
nli,2262,gpt-3.5-turbo,1
nli,2263,gpt-3.5-turbo,0
nli,2264,gpt-3.5-turbo,1
nli,2265,gpt-3.5-turbo,1
nli,2266,gpt-3.5-turbo,1
nli,2267,gpt-3.5-turbo,0
nli,2268,gpt-3.5-turbo,1
nli,2269,gpt-3.5-turbo,0
nli,2270,gpt-3.5-turbo,0
nli,2271,gpt-3.5-turbo,0
nli,2272,gpt-3.5-turbo,1
nli,2273,gpt-3.5-turbo,1
nli,2274,gpt-3.5-turbo,0
nli,2275,gpt-3.5-turbo,0
nli,2276,gpt-3.5-turbo,0
nli,2277,gpt-3.5-turbo,0
nli,2278,gpt-3.5-turbo,1
nli,2279,gpt-3.5-turbo,1
nli,2280,gpt-3.5-turbo,0
nli,2281,gpt-3.5-turbo,1
nli,2282,gpt-3.5-turbo,0
nli,2283,gpt-3.5-turbo,0
nli,2284,gpt-3.5-turbo,1
nli,2285,gpt-3.5-turbo,0
nli,2286,gpt-3.5-turbo,0
nli,2287,gpt-3.5-turbo,0
nli,2288,gpt-3.5-turbo,0
nli,2289,gpt-3.5-turbo,0
nli,2290,gpt-3.5-turbo,1
nli,2291,gpt-3.5-turbo,0
nli,2292,gpt-3.5-turbo,1
nli,2293,gpt-3.5-turbo,0
nli,2294,gpt-3.5-turbo,1
nli,2295,gpt-3.5-turbo,1
nli,2296,gpt-3.5-turbo,1
nli,2297,gpt-3.5-turbo,0
nli,2298,gpt-3.5-turbo,1
nli,2299,gpt-3.5-turbo,1
nli,2300,gpt-3.5-turbo,1
nli,2301,gpt-3.5-turbo,1
nli,2302,gpt-3.5-turbo,1
nli,2303,gpt-3.5-turbo,0
nli,2304,gpt-3.5-turbo,1
nli,2305,gpt-3.5-turbo,1
nli,2306,gpt-3.5-turbo,1
nli,2307,gpt-3.5-turbo,1
nli,2308,gpt-3.5-turbo,0
nli,2309,gpt-3.5-turbo,0
nli,2310,gpt-3.5-turbo,0
nli,2311,gpt-3.5-turbo,1
nli,2312,gpt-3.5-turbo,1
nli,2313,gpt-3.5-turbo,0
nli,2314,gpt-3.5-turbo,0
nli,2315,gpt-3.5-turbo,1
nli,2316,gpt-3.5-turbo,0
nli,2317,gpt-3.5-turbo,1
nli,2318,gpt-3.5-turbo,0
nli,2319,gpt-3.5-turbo,1
nli,2320,gpt-3.5-turbo,0
nli,2321,gpt-3.5-turbo,0
nli,2322,gpt-3.5-turbo,0
nli,2323,gpt-3.5-turbo,1
nli,2324,gpt-3.5-turbo,1
nli,2325,gpt-3.5-turbo,1
nli,2326,gpt-3.5-turbo,0
nli,2327,gpt-3.5-turbo,0
nli,2328,gpt-3.5-turbo,0
nli,2329,gpt-3.5-turbo,1
nli,2330,gpt-3.5-turbo,0
nli,2331,gpt-3.5-turbo,0
nli,2332,gpt-3.5-turbo,1
nli,2333,gpt-3.5-turbo,0
nli,2334,gpt-3.5-turbo,0
nli,2335,gpt-3.5-turbo,1
nli,2336,gpt-3.5-turbo,0
nli,2337,gpt-3.5-turbo,0
nli,2338,gpt-3.5-turbo,0
nli,2339,gpt-3.5-turbo,0
nli,2340,gpt-3.5-turbo,1
nli,2341,gpt-3.5-turbo,1
nli,2342,gpt-3.5-turbo,1
nli,2343,gpt-3.5-turbo,0
nli,2344,gpt-3.5-turbo,0
nli,2345,gpt-3.5-turbo,1
nli,2346,gpt-3.5-turbo,0
nli,2347,gpt-3.5-turbo,0
nli,2348,gpt-3.5-turbo,0
nli,2349,gpt-3.5-turbo,0
nli,2350,gpt-3.5-turbo,0
nli,2351,gpt-3.5-turbo,1
nli,2352,gpt-3.5-turbo,0
nli,2353,gpt-3.5-turbo,0
nli,2354,gpt-3.5-turbo,1
nli,2355,gpt-3.5-turbo,1
nli,2356,gpt-3.5-turbo,1
nli,2357,gpt-3.5-turbo,1
nli,2358,gpt-3.5-turbo,1
nli,2359,gpt-3.5-turbo,0
nli,2360,gpt-3.5-turbo,0
nli,2361,gpt-3.5-turbo,0
nli,2362,gpt-3.5-turbo,0
nli,2363,gpt-3.5-turbo,0
nli,2364,gpt-3.5-turbo,0
nli,2365,gpt-3.5-turbo,1
nli,2366,gpt-3.5-turbo,1
nli,2367,gpt-3.5-turbo,0
nli,2368,gpt-3.5-turbo,0
nli,2369,gpt-3.5-turbo,1
nli,2370,gpt-3.5-turbo,1
nli,2371,gpt-3.5-turbo,0
nli,2372,gpt-3.5-turbo,0
nli,2373,gpt-3.5-turbo,0
nli,2374,gpt-3.5-turbo,1
nli,2375,gpt-3.5-turbo,1
nli,2376,gpt-3.5-turbo,1
nli,2377,gpt-3.5-turbo,1
nli,2378,gpt-3.5-turbo,1
nli,2379,gpt-3.5-turbo,1
nli,2380,gpt-3.5-turbo,0
nli,2381,gpt-3.5-turbo,1
nli,2382,gpt-3.5-turbo,0
nli,2383,gpt-3.5-turbo,1
nli,2384,gpt-3.5-turbo,1
nli,2385,gpt-3.5-turbo,0
nli,2386,gpt-3.5-turbo,1
nli,2387,gpt-3.5-turbo,1
nli,2388,gpt-3.5-turbo,1
nli,2389,gpt-3.5-turbo,1
nli,2390,gpt-3.5-turbo,0
nli,2391,gpt-3.5-turbo,1
nli,2392,gpt-3.5-turbo,1
nli,2393,gpt-3.5-turbo,0
nli,2394,gpt-3.5-turbo,0
nli,2395,gpt-3.5-turbo,1
nli,2396,gpt-3.5-turbo,0
nli,2397,gpt-3.5-turbo,0
nli,2398,gpt-3.5-turbo,1
nli,2399,gpt-3.5-turbo,0
nli,2400,gpt-3.5-turbo,0
nli,2401,gpt-3.5-turbo,1
nli,2402,gpt-3.5-turbo,0
nli,2403,gpt-3.5-turbo,1
nli,2404,gpt-3.5-turbo,1
nli,2405,gpt-3.5-turbo,0
nli,2406,gpt-3.5-turbo,1
nli,2407,gpt-3.5-turbo,1
nli,2408,gpt-3.5-turbo,0
nli,2409,gpt-3.5-turbo,1
nli,2410,gpt-3.5-turbo,0
nli,2411,gpt-3.5-turbo,0
nli,2412,gpt-3.5-turbo,0
nli,2413,gpt-3.5-turbo,0
nli,2414,gpt-3.5-turbo,1
nli,2415,gpt-3.5-turbo,1
nli,2416,gpt-3.5-turbo,0
nli,2417,gpt-3.5-turbo,1
nli,2418,gpt-3.5-turbo,0
nli,2419,gpt-3.5-turbo,1
nli,2420,gpt-3.5-turbo,1
nli,2421,gpt-3.5-turbo,1
nli,2422,gpt-3.5-turbo,1
nli,2423,gpt-3.5-turbo,1
nli,2424,gpt-3.5-turbo,1
nli,2425,gpt-3.5-turbo,1
nli,2426,gpt-3.5-turbo,1
nli,2427,gpt-3.5-turbo,1
nli,2428,gpt-3.5-turbo,1
nli,2429,gpt-3.5-turbo,0
nli,2430,gpt-3.5-turbo,0
nli,2431,gpt-3.5-turbo,0
nli,2432,gpt-3.5-turbo,1
nli,2433,gpt-3.5-turbo,1
nli,2434,gpt-3.5-turbo,0
nli,2435,gpt-3.5-turbo,0
nli,2436,gpt-3.5-turbo,1
nli,2437,gpt-3.5-turbo,0
nli,2438,gpt-3.5-turbo,0
nli,2439,gpt-3.5-turbo,1
nli,2440,gpt-3.5-turbo,0
nli,2441,gpt-3.5-turbo,1
nli,2442,gpt-3.5-turbo,1
nli,2443,gpt-3.5-turbo,1
nli,2444,gpt-3.5-turbo,1
nli,2445,gpt-3.5-turbo,0
nli,2446,gpt-3.5-turbo,1
nli,2447,gpt-3.5-turbo,0
nli,2448,gpt-3.5-turbo,1
nli,2449,gpt-3.5-turbo,1
nli,2450,gpt-3.5-turbo,0
nli,2451,gpt-3.5-turbo,1
nli,2452,gpt-3.5-turbo,0
nli,2453,gpt-3.5-turbo,1
nli,2454,gpt-3.5-turbo,0
nli,2455,gpt-3.5-turbo,1
nli,2456,gpt-3.5-turbo,1
nli,2457,gpt-3.5-turbo,0
nli,2458,gpt-3.5-turbo,1
nli,2459,gpt-3.5-turbo,0
nli,2460,gpt-3.5-turbo,0
nli,2461,gpt-3.5-turbo,0
nli,2462,gpt-3.5-turbo,1
nli,2463,gpt-3.5-turbo,1
nli,2464,gpt-3.5-turbo,0
nli,2465,gpt-3.5-turbo,1
nli,2466,gpt-3.5-turbo,0
nli,2467,gpt-3.5-turbo,1
nli,2468,gpt-3.5-turbo,0
nli,2469,gpt-3.5-turbo,0
nli,2470,gpt-3.5-turbo,1
nli,2471,gpt-3.5-turbo,1
nli,2472,gpt-3.5-turbo,0
nli,2473,gpt-3.5-turbo,1
nli,2474,gpt-3.5-turbo,1
nli,2475,gpt-3.5-turbo,1
nli,2476,gpt-3.5-turbo,0
nli,2477,gpt-3.5-turbo,0
nli,2478,gpt-3.5-turbo,1
nli,2479,gpt-3.5-turbo,0
nli,2480,gpt-3.5-turbo,1
nli,2481,gpt-3.5-turbo,0
nli,2482,gpt-3.5-turbo,1
nli,2483,gpt-3.5-turbo,1
nli,2484,gpt-3.5-turbo,1
nli,2485,gpt-3.5-turbo,0
nli,2486,gpt-3.5-turbo,0
nli,2487,gpt-3.5-turbo,0
nli,2488,gpt-3.5-turbo,1
nli,2489,gpt-3.5-turbo,0
nli,2490,gpt-3.5-turbo,1
nli,2491,gpt-3.5-turbo,0
nli,2492,gpt-3.5-turbo,1
nli,2493,gpt-3.5-turbo,0
nli,2494,gpt-3.5-turbo,1
nli,2495,gpt-3.5-turbo,0
nli,2496,gpt-3.5-turbo,1
nli,2497,gpt-3.5-turbo,0
nli,2498,gpt-3.5-turbo,1
nli,2499,gpt-3.5-turbo,1
nli,2500,gpt-3.5-turbo,1
nli,2501,gpt-3.5-turbo,1
nli,2502,gpt-3.5-turbo,1
nli,2503,gpt-3.5-turbo,0
nli,2504,gpt-3.5-turbo,1
nli,2505,gpt-3.5-turbo,1
nli,2506,gpt-3.5-turbo,0
nli,2507,gpt-3.5-turbo,0
nli,2508,gpt-3.5-turbo,1
nli,2509,gpt-3.5-turbo,1
nli,2510,gpt-3.5-turbo,1
nli,2511,gpt-3.5-turbo,0
nli,2512,gpt-3.5-turbo,1
nli,2513,gpt-3.5-turbo,0
nli,2514,gpt-3.5-turbo,0
nli,2515,gpt-3.5-turbo,0
nli,2516,gpt-3.5-turbo,1
nli,2517,gpt-3.5-turbo,0
nli,2518,gpt-3.5-turbo,1
nli,2519,gpt-3.5-turbo,0
nli,2520,gpt-3.5-turbo,0
nli,2521,gpt-3.5-turbo,0
nli,2522,gpt-3.5-turbo,0
nli,2523,gpt-3.5-turbo,1
nli,2524,gpt-3.5-turbo,1
nli,2525,gpt-3.5-turbo,0
nli,2526,gpt-3.5-turbo,1
nli,2527,gpt-3.5-turbo,0
nli,2528,gpt-3.5-turbo,1
nli,2529,gpt-3.5-turbo,1
nli,2530,gpt-3.5-turbo,0
nli,2531,gpt-3.5-turbo,1
nli,2532,gpt-3.5-turbo,1
nli,2533,gpt-3.5-turbo,1
nli,2534,gpt-3.5-turbo,1
nli,2535,gpt-3.5-turbo,1
nli,2536,gpt-3.5-turbo,0
nli,2537,gpt-3.5-turbo,0
nli,2538,gpt-3.5-turbo,1
nli,2539,gpt-3.5-turbo,1
nli,2540,gpt-3.5-turbo,1
nli,2541,gpt-3.5-turbo,0
nli,2542,gpt-3.5-turbo,1
nli,2543,gpt-3.5-turbo,1
nli,2544,gpt-3.5-turbo,1
nli,2545,gpt-3.5-turbo,0
nli,2546,gpt-3.5-turbo,1
nli,2547,gpt-3.5-turbo,0
nli,2548,gpt-3.5-turbo,1
nli,2549,gpt-3.5-turbo,1
nli,2550,gpt-3.5-turbo,1
nli,2551,gpt-3.5-turbo,0
nli,2552,gpt-3.5-turbo,1
nli,2553,gpt-3.5-turbo,1
nli,2554,gpt-3.5-turbo,1
nli,2555,gpt-3.5-turbo,0
nli,2556,gpt-3.5-turbo,0
nli,2557,gpt-3.5-turbo,1
nli,2558,gpt-3.5-turbo,1
nli,2559,gpt-3.5-turbo,1
nli,2560,gpt-3.5-turbo,1
nli,2561,gpt-3.5-turbo,0
nli,2562,gpt-3.5-turbo,1
nli,2563,gpt-3.5-turbo,1
nli,2564,gpt-3.5-turbo,0
nli,2565,gpt-3.5-turbo,1
nli,2566,gpt-3.5-turbo,1
nli,2567,gpt-3.5-turbo,1
nli,2568,gpt-3.5-turbo,0
nli,2569,gpt-3.5-turbo,0
nli,2570,gpt-3.5-turbo,0
nli,2571,gpt-3.5-turbo,0
nli,2572,gpt-3.5-turbo,0
nli,2573,gpt-3.5-turbo,0
nli,2574,gpt-3.5-turbo,1
nli,2575,gpt-3.5-turbo,0
nli,2576,gpt-3.5-turbo,0
nli,2577,gpt-3.5-turbo,0
nli,2578,gpt-3.5-turbo,0
nli,2579,gpt-3.5-turbo,0
nli,2580,gpt-3.5-turbo,1
nli,2581,gpt-3.5-turbo,0
nli,2582,gpt-3.5-turbo,0
nli,2583,gpt-3.5-turbo,1
nli,2584,gpt-3.5-turbo,1
nli,2585,gpt-3.5-turbo,0
nli,2586,gpt-3.5-turbo,1
nli,2587,gpt-3.5-turbo,0
nli,2588,gpt-3.5-turbo,0
nli,2589,gpt-3.5-turbo,0
nli,2590,gpt-3.5-turbo,0
nli,2591,gpt-3.5-turbo,0
nli,2592,gpt-3.5-turbo,0
nli,2593,gpt-3.5-turbo,1
nli,2594,gpt-3.5-turbo,1
nli,2595,gpt-3.5-turbo,0
nli,2596,gpt-3.5-turbo,0
nli,2597,gpt-3.5-turbo,1
nli,2598,gpt-3.5-turbo,0
nli,2599,gpt-3.5-turbo,1
nli,2600,gpt-3.5-turbo,0
nli,2601,gpt-3.5-turbo,1
nli,2602,gpt-3.5-turbo,0
nli,2603,gpt-3.5-turbo,1
nli,2604,gpt-3.5-turbo,1
nli,2605,gpt-3.5-turbo,1
nli,2606,gpt-3.5-turbo,1
nli,2607,gpt-3.5-turbo,0
nli,2608,gpt-3.5-turbo,1
nli,2609,gpt-3.5-turbo,0
nli,2610,gpt-3.5-turbo,1
nli,2611,gpt-3.5-turbo,0
nli,2612,gpt-3.5-turbo,0
nli,2613,gpt-3.5-turbo,0
nli,2614,gpt-3.5-turbo,1
nli,2615,gpt-3.5-turbo,1
nli,2616,gpt-3.5-turbo,1
nli,2617,gpt-3.5-turbo,1
nli,2618,gpt-3.5-turbo,0
nli,2619,gpt-3.5-turbo,1
nli,2620,gpt-3.5-turbo,0
nli,2621,gpt-3.5-turbo,0
nli,2622,gpt-3.5-turbo,0
nli,2623,gpt-3.5-turbo,0
nli,2624,gpt-3.5-turbo,1
nli,2625,gpt-3.5-turbo,1
nli,2626,gpt-3.5-turbo,1
nli,2627,gpt-3.5-turbo,1
nli,2628,gpt-3.5-turbo,1
nli,2629,gpt-3.5-turbo,1
nli,2630,gpt-3.5-turbo,0
nli,2631,gpt-3.5-turbo,0
nli,2632,gpt-3.5-turbo,1
nli,2633,gpt-3.5-turbo,0
nli,2634,gpt-3.5-turbo,1
nli,2635,gpt-3.5-turbo,0
nli,2636,gpt-3.5-turbo,0
nli,2637,gpt-3.5-turbo,1
nli,2638,gpt-3.5-turbo,1
nli,2639,gpt-3.5-turbo,0
nli,2640,gpt-3.5-turbo,0
nli,2641,gpt-3.5-turbo,1
nli,2642,gpt-3.5-turbo,0
nli,2643,gpt-3.5-turbo,0
nli,2644,gpt-3.5-turbo,1
nli,2645,gpt-3.5-turbo,1
nli,2646,gpt-3.5-turbo,0
nli,2647,gpt-3.5-turbo,0
nli,2648,gpt-3.5-turbo,1
nli,2649,gpt-3.5-turbo,1
nli,2650,gpt-3.5-turbo,1
nli,2651,gpt-3.5-turbo,0
nli,2652,gpt-3.5-turbo,1
nli,2653,gpt-3.5-turbo,1
nli,2654,gpt-3.5-turbo,1
nli,2655,gpt-3.5-turbo,0
nli,2656,gpt-3.5-turbo,1
nli,2657,gpt-3.5-turbo,0
nli,2658,gpt-3.5-turbo,0
nli,2659,gpt-3.5-turbo,1
nli,2660,gpt-3.5-turbo,1
nli,2661,gpt-3.5-turbo,1
nli,2662,gpt-3.5-turbo,1
nli,2663,gpt-3.5-turbo,0
nli,2664,gpt-3.5-turbo,1
nli,2665,gpt-3.5-turbo,0
nli,2666,gpt-3.5-turbo,1
nli,2667,gpt-3.5-turbo,1
nli,2668,gpt-3.5-turbo,0
nli,2669,gpt-3.5-turbo,0
nli,2670,gpt-3.5-turbo,0
nli,2671,gpt-3.5-turbo,0
nli,2672,gpt-3.5-turbo,0
nli,2673,gpt-3.5-turbo,0
nli,2674,gpt-3.5-turbo,1
nli,2675,gpt-3.5-turbo,1
nli,2676,gpt-3.5-turbo,0
nli,2677,gpt-3.5-turbo,0
nli,2678,gpt-3.5-turbo,1
nli,2679,gpt-3.5-turbo,0
nli,2680,gpt-3.5-turbo,0
nli,2681,gpt-3.5-turbo,0
nli,2682,gpt-3.5-turbo,0
nli,2683,gpt-3.5-turbo,1
nli,2684,gpt-3.5-turbo,1
nli,2685,gpt-3.5-turbo,1
nli,2686,gpt-3.5-turbo,0
nli,2687,gpt-3.5-turbo,1
nli,2688,gpt-3.5-turbo,1
nli,2689,gpt-3.5-turbo,0
nli,2690,gpt-3.5-turbo,1
nli,2691,gpt-3.5-turbo,0
nli,2692,gpt-3.5-turbo,1
nli,2693,gpt-3.5-turbo,0
nli,2694,gpt-3.5-turbo,0
nli,2695,gpt-3.5-turbo,0
nli,2696,gpt-3.5-turbo,0
nli,2697,gpt-3.5-turbo,0
nli,2698,gpt-3.5-turbo,1
nli,2699,gpt-3.5-turbo,0
nli,2700,gpt-3.5-turbo,0
nli,2701,gpt-3.5-turbo,1
nli,2702,gpt-3.5-turbo,0
nli,2703,gpt-3.5-turbo,0
nli,2704,gpt-3.5-turbo,0
nli,2705,gpt-3.5-turbo,0
nli,2706,gpt-3.5-turbo,0
nli,2707,gpt-3.5-turbo,1
nli,2708,gpt-3.5-turbo,1
nli,2709,gpt-3.5-turbo,1
nli,2710,gpt-3.5-turbo,1
nli,2711,gpt-3.5-turbo,1
nli,2712,gpt-3.5-turbo,0
nli,2713,gpt-3.5-turbo,1
nli,2714,gpt-3.5-turbo,1
nli,2715,gpt-3.5-turbo,0
nli,2716,gpt-3.5-turbo,1
nli,2717,gpt-3.5-turbo,0
nli,2718,gpt-3.5-turbo,1
nli,2719,gpt-3.5-turbo,1
nli,2720,gpt-3.5-turbo,1
nli,2721,gpt-3.5-turbo,1
nli,2722,gpt-3.5-turbo,1
nli,2723,gpt-3.5-turbo,1
nli,2724,gpt-3.5-turbo,0
nli,2725,gpt-3.5-turbo,1
nli,2726,gpt-3.5-turbo,0
nli,2727,gpt-3.5-turbo,0
nli,2728,gpt-3.5-turbo,1
nli,2729,gpt-3.5-turbo,0
nli,2730,gpt-3.5-turbo,0
nli,2731,gpt-3.5-turbo,1
nli,2732,gpt-3.5-turbo,0
nli,2733,gpt-3.5-turbo,1
nli,2734,gpt-3.5-turbo,0
nli,2735,gpt-3.5-turbo,0
nli,2736,gpt-3.5-turbo,0
nli,2737,gpt-3.5-turbo,0
nli,2738,gpt-3.5-turbo,1
nli,2739,gpt-3.5-turbo,0
nli,2740,gpt-3.5-turbo,0
nli,2741,gpt-3.5-turbo,1
nli,2742,gpt-3.5-turbo,1
nli,2743,gpt-3.5-turbo,1
nli,2744,gpt-3.5-turbo,0
nli,2745,gpt-3.5-turbo,1
nli,2746,gpt-3.5-turbo,0
nli,2747,gpt-3.5-turbo,1
nli,2748,gpt-3.5-turbo,0
nli,2749,gpt-3.5-turbo,1
nli,2750,gpt-3.5-turbo,0
nli,2751,gpt-3.5-turbo,0
nli,2752,gpt-3.5-turbo,0
nli,2753,gpt-3.5-turbo,1
nli,2754,gpt-3.5-turbo,1
nli,2755,gpt-3.5-turbo,0
nli,2756,gpt-3.5-turbo,1
nli,2757,gpt-3.5-turbo,0
nli,2758,gpt-3.5-turbo,1
nli,2759,gpt-3.5-turbo,1
nli,2760,gpt-3.5-turbo,1
nli,2761,gpt-3.5-turbo,1
nli,2762,gpt-3.5-turbo,1
nli,2763,gpt-3.5-turbo,1
nli,2764,gpt-3.5-turbo,1
nli,2765,gpt-3.5-turbo,0
nli,2766,gpt-3.5-turbo,1
nli,2767,gpt-3.5-turbo,0
nli,2768,gpt-3.5-turbo,1
nli,2769,gpt-3.5-turbo,0
nli,2770,gpt-3.5-turbo,1
nli,2771,gpt-3.5-turbo,0
nli,2772,gpt-3.5-turbo,0
nli,2773,gpt-3.5-turbo,0
nli,2774,gpt-3.5-turbo,0
nli,2775,gpt-3.5-turbo,1
nli,2776,gpt-3.5-turbo,0
nli,2777,gpt-3.5-turbo,1
nli,2778,gpt-3.5-turbo,0
nli,2779,gpt-3.5-turbo,1
nli,2780,gpt-3.5-turbo,1
nli,2781,gpt-3.5-turbo,0
nli,2782,gpt-3.5-turbo,1
nli,2783,gpt-3.5-turbo,0
nli,2784,gpt-3.5-turbo,0
nli,2785,gpt-3.5-turbo,0
nli,2786,gpt-3.5-turbo,1
nli,2787,gpt-3.5-turbo,1
nli,2788,gpt-3.5-turbo,0
nli,2789,gpt-3.5-turbo,0
nli,2790,gpt-3.5-turbo,0
nli,2791,gpt-3.5-turbo,0
nli,2792,gpt-3.5-turbo,1
nli,2793,gpt-3.5-turbo,0
nli,2794,gpt-3.5-turbo,0
nli,2795,gpt-3.5-turbo,1
nli,2796,gpt-3.5-turbo,0
nli,2797,gpt-3.5-turbo,1
nli,2798,gpt-3.5-turbo,1
nli,2799,gpt-3.5-turbo,1
nli,2800,gpt-3.5-turbo,0
nli,2801,gpt-3.5-turbo,1
nli,2802,gpt-3.5-turbo,0
nli,2803,gpt-3.5-turbo,0
nli,2804,gpt-3.5-turbo,1
nli,2805,gpt-3.5-turbo,1
nli,2806,gpt-3.5-turbo,1
nli,2807,gpt-3.5-turbo,0
nli,2808,gpt-3.5-turbo,0
nli,2809,gpt-3.5-turbo,1
nli,2810,gpt-3.5-turbo,0
nli,2811,gpt-3.5-turbo,1
nli,2812,gpt-3.5-turbo,1
nli,2813,gpt-3.5-turbo,1
nli,2814,gpt-3.5-turbo,1
nli,2815,gpt-3.5-turbo,0
nli,2816,gpt-3.5-turbo,0
nli,2817,gpt-3.5-turbo,1
nli,2818,gpt-3.5-turbo,0
nli,2819,gpt-3.5-turbo,0
nli,2820,gpt-3.5-turbo,1
nli,2821,gpt-3.5-turbo,0
nli,2822,gpt-3.5-turbo,1
nli,2823,gpt-3.5-turbo,1
nli,2824,gpt-3.5-turbo,1
nli,2825,gpt-3.5-turbo,0
nli,2826,gpt-3.5-turbo,1
nli,2827,gpt-3.5-turbo,0
nli,2828,gpt-3.5-turbo,0
nli,2829,gpt-3.5-turbo,0
nli,2830,gpt-3.5-turbo,1
nli,2831,gpt-3.5-turbo,1
nli,2832,gpt-3.5-turbo,1
nli,2833,gpt-3.5-turbo,0
nli,2834,gpt-3.5-turbo,0
nli,2835,gpt-3.5-turbo,1
nli,2836,gpt-3.5-turbo,1
nli,2837,gpt-3.5-turbo,0
nli,2838,gpt-3.5-turbo,1
nli,2839,gpt-3.5-turbo,1
nli,2840,gpt-3.5-turbo,0
nli,2841,gpt-3.5-turbo,1
nli,2842,gpt-3.5-turbo,1
nli,2843,gpt-3.5-turbo,1
nli,2844,gpt-3.5-turbo,0
nli,2845,gpt-3.5-turbo,1
nli,2846,gpt-3.5-turbo,1
nli,2847,gpt-3.5-turbo,0
nli,2848,gpt-3.5-turbo,0
nli,2849,gpt-3.5-turbo,0
nli,2850,gpt-3.5-turbo,0
nli,2851,gpt-3.5-turbo,0
nli,2852,gpt-3.5-turbo,1
nli,2853,gpt-3.5-turbo,1
nli,2854,gpt-3.5-turbo,1
nli,2855,gpt-3.5-turbo,1
nli,2856,gpt-3.5-turbo,1
nli,2857,gpt-3.5-turbo,1
nli,2858,gpt-3.5-turbo,0
nli,2859,gpt-3.5-turbo,0
nli,2860,gpt-3.5-turbo,1
nli,2861,gpt-3.5-turbo,0
nli,2862,gpt-3.5-turbo,1
nli,2863,gpt-3.5-turbo,0
nli,2864,gpt-3.5-turbo,0
nli,2865,gpt-3.5-turbo,0
nli,2866,gpt-3.5-turbo,1
nli,2867,gpt-3.5-turbo,0
nli,2868,gpt-3.5-turbo,0
nli,2869,gpt-3.5-turbo,1
nli,2870,gpt-3.5-turbo,1
nli,2871,gpt-3.5-turbo,0
nli,2872,gpt-3.5-turbo,0
nli,2873,gpt-3.5-turbo,0
nli,2874,gpt-3.5-turbo,0
nli,2875,gpt-3.5-turbo,1
nli,2876,gpt-3.5-turbo,1
nli,2877,gpt-3.5-turbo,1
nli,2878,gpt-3.5-turbo,0
nli,2879,gpt-3.5-turbo,0
nli,2880,gpt-3.5-turbo,0
nli,2881,gpt-3.5-turbo,0
nli,2882,gpt-3.5-turbo,1
nli,2883,gpt-3.5-turbo,1
nli,2884,gpt-3.5-turbo,1
nli,2885,gpt-3.5-turbo,0
nli,2886,gpt-3.5-turbo,1
nli,2887,gpt-3.5-turbo,1
nli,2888,gpt-3.5-turbo,1
nli,2889,gpt-3.5-turbo,1
nli,2890,gpt-3.5-turbo,1
nli,2891,gpt-3.5-turbo,1
nli,2892,gpt-3.5-turbo,0
nli,2893,gpt-3.5-turbo,1
nli,2894,gpt-3.5-turbo,0
nli,2895,gpt-3.5-turbo,0
nli,2896,gpt-3.5-turbo,1
nli,2897,gpt-3.5-turbo,0
nli,2898,gpt-3.5-turbo,0
nli,2899,gpt-3.5-turbo,1
nli,2900,gpt-3.5-turbo,0
nli,2901,gpt-3.5-turbo,1
nli,2902,gpt-3.5-turbo,1
nli,2903,gpt-3.5-turbo,1
nli,2904,gpt-3.5-turbo,0
nli,2905,gpt-3.5-turbo,1
nli,2906,gpt-3.5-turbo,0
nli,2907,gpt-3.5-turbo,0
nli,2908,gpt-3.5-turbo,1
nli,2909,gpt-3.5-turbo,0
nli,2910,gpt-3.5-turbo,1
nli,2911,gpt-3.5-turbo,1
nli,2912,gpt-3.5-turbo,1
nli,2913,gpt-3.5-turbo,0
nli,2914,gpt-3.5-turbo,1
nli,2915,gpt-3.5-turbo,1
nli,2916,gpt-3.5-turbo,0
nli,2917,gpt-3.5-turbo,0
nli,2918,gpt-3.5-turbo,0
nli,2919,gpt-3.5-turbo,0
nli,2920,gpt-3.5-turbo,0
nli,2921,gpt-3.5-turbo,0
nli,2922,gpt-3.5-turbo,0
nli,2923,gpt-3.5-turbo,1
nli,2924,gpt-3.5-turbo,0
nli,2925,gpt-3.5-turbo,1
nli,2926,gpt-3.5-turbo,0
nli,2927,gpt-3.5-turbo,1
nli,2928,gpt-3.5-turbo,1
nli,2929,gpt-3.5-turbo,1
nli,2930,gpt-3.5-turbo,1
nli,2931,gpt-3.5-turbo,1
nli,2932,gpt-3.5-turbo,0
nli,2933,gpt-3.5-turbo,0
nli,2934,gpt-3.5-turbo,1
nli,2935,gpt-3.5-turbo,0
nli,2936,gpt-3.5-turbo,0
nli,2937,gpt-3.5-turbo,1
nli,2938,gpt-3.5-turbo,0
nli,2939,gpt-3.5-turbo,1
nli,2940,gpt-3.5-turbo,1
nli,2941,gpt-3.5-turbo,0
nli,2942,gpt-3.5-turbo,1
nli,2943,gpt-3.5-turbo,1
nli,2944,gpt-3.5-turbo,0
nli,2945,gpt-3.5-turbo,1
nli,2946,gpt-3.5-turbo,0
nli,2947,gpt-3.5-turbo,0
nli,2948,gpt-3.5-turbo,1
nli,2949,gpt-3.5-turbo,0
nli,2950,gpt-3.5-turbo,0
nli,2951,gpt-3.5-turbo,1
nli,2952,gpt-3.5-turbo,0
nli,2953,gpt-3.5-turbo,0
nli,2954,gpt-3.5-turbo,1
nli,2955,gpt-3.5-turbo,1
nli,2956,gpt-3.5-turbo,0
nli,2957,gpt-3.5-turbo,1
nli,2958,gpt-3.5-turbo,1
nli,2959,gpt-3.5-turbo,1
nli,2960,gpt-3.5-turbo,0
nli,2961,gpt-3.5-turbo,0
nli,2962,gpt-3.5-turbo,0
nli,2963,gpt-3.5-turbo,1
nli,2964,gpt-3.5-turbo,1
nli,2965,gpt-3.5-turbo,1
nli,2966,gpt-3.5-turbo,0
nli,2967,gpt-3.5-turbo,1
nli,2968,gpt-3.5-turbo,1
nli,2969,gpt-3.5-turbo,0
nli,2970,gpt-3.5-turbo,0
nli,2971,gpt-3.5-turbo,0
nli,2972,gpt-3.5-turbo,0
nli,2973,gpt-3.5-turbo,1
nli,2974,gpt-3.5-turbo,0
nli,2975,gpt-3.5-turbo,1
nli,2976,gpt-3.5-turbo,1
nli,2977,gpt-3.5-turbo,1
nli,2978,gpt-3.5-turbo,1
nli,2979,gpt-3.5-turbo,1
nli,2980,gpt-3.5-turbo,1
nli,2981,gpt-3.5-turbo,0
nli,2982,gpt-3.5-turbo,0
nli,2983,gpt-3.5-turbo,1
nli,2984,gpt-3.5-turbo,0
nli,2985,gpt-3.5-turbo,1
nli,2986,gpt-3.5-turbo,0
nli,2987,gpt-3.5-turbo,1
nli,2988,gpt-3.5-turbo,0
nli,2989,gpt-3.5-turbo,0
nli,2990,gpt-3.5-turbo,0
nli,2991,gpt-3.5-turbo,1
nli,2992,gpt-3.5-turbo,1
nli,2993,gpt-3.5-turbo,0
nli,2994,gpt-3.5-turbo,0
nli,2995,gpt-3.5-turbo,0
nli,2996,gpt-3.5-turbo,1
nli,2997,gpt-3.5-turbo,0
nli,2998,gpt-3.5-turbo,0
nli,2999,gpt-3.5-turbo,0
nli,3000,gpt-3.5-turbo,1
