task_name,index,model_name,prompt,output,score
ko_quiz_7,0,kullm12.8b,"깨었다가 다시 든 잠을(를) 뜻하는 우리말은? '그루잠 '이면 1, '노루잠 '이면 2, '꾸벅잠 '이면 3라고 대답해.","세 가지 잠 유형 중 하나에 해당합니다.1. 그루잠: 고양이와 개처럼 옆으로 누운 채로 자는 자세로, 자고 있을 때 몸을 뒤척이거나 움직인다는 뜻입니다.2. 노루잠: 몸을 똑바로 세우고 눈을 감은 채로 자는 자세로, 자고 있을 때 몸을 움직이지 않거나 움직이지 않는다는 뜻입니다.3. 꾸벅잠: 몸을 구부리고 자는 자세로, 자고 있을 때 몸을 움직이지 않는다는 뜻입니다.",0
ko_quiz_7,1,kullm12.8b,"옆으로 쫙 퍼지게 끼얹는 물을(를) 뜻하는 우리말은? '나비물 '이면 1, '살그물 '이면 2, '깃그물 '이면 3라고 대답해.",나비물: 1 살그물: 2 깃그물: 3,0
ko_quiz_7,2,kullm12.8b,"여러모로 알맞은 모양을(를) 뜻하는 우리말은? '두루딱딱이 '이면 1, '두루두루 '이면 2, '두루광이 '이면 3라고 대답해.",1. 두루딱딱이는 완전하고 균형 잡힌 모양을 의미합니다.2. 두루두루는 완전하고 균형 잡힌 모양을 의미합니다.3. 두루광이는 완전하고 균형 잡힌 모양을 의미합니다.,0
ko_quiz_7,3,kullm12.8b,"'사로잠'의 뜻으로 알맞은 것은? '마음을 놓지 못하고 조바심하며 자는 잠 '이면 1, '비좁은 방에서 여럿이 모로 끼어 자는 잠 '이면 2, '자야 할 시간이 아닌 때에 몰래 자는 잠 '이면 3라고 대답해.","정답은 1, ""마음을 놓지 못하고 조바심하며 자는 잠""입니다. '사로잠'은 마음을 놓지 못하고 조바심하며 자는 것을 의미합니다.",1
ko_quiz_7,4,kullm12.8b,"'벙글다'의 뜻으로 알맞은 것은? '어린 꽃봉오리가 꽃을 피우기 위해 망울이 생기다 '이면 1, '열매가 매우 실속 있고 다부지다 '이면 2, '알맹이 속이 부실하고 변변치 아니하다 '이면 3라고 대답해.","3번 문장은 다음과 같이 해석할 수 있습니다: ""그는 매우 성공적이고 단단한 사람이다.""",0
ko_quiz_7,7,kullm12.8b,"국이나 찌개에 넣는 고기붙이을(를) 뜻하는 우리말은? '꾸미 '이면 1, '돝고기 '이면 2, '맷고기 '이면 3라고 대답해.","다음은 육고기를 넣은 국이나 찌개에 넣는 고기붙이를 분류하는 세 가지 방법입니다:1. 꾸미 '고기': 쇠고기, 돼지고기, 닭고기 등 다양한 종류의 육류를 사용할 수 있습니다.2. ""돝고기"": 돼지고기를 지칭합니다.3. ""맷고기"": 닭고기를 지칭합니다.",0
ko_quiz_7,9,kullm12.8b,"'간데족족'의 뜻으로 알맞은 것은? '가는 곳마다 빼지 않고 모두 '이면 1, '고르지 않게 가무스름하다 '이면 2, '여러 가닥으로 찢어진 모양 '이면 3라고 대답해.","이 문장에서 ""가는 곳마다 빼지 않고 모두""라는 표현은 '모두'라는 의미를 전달하기 때문에 이 문장의 정답은 3번 '고르지 않게 가무스름하다'입니다.",0
ko_quiz_7,13,kullm12.8b,"'마수걸이'의 뜻으로 알맞은 것은? '맨 처음으로 물건을 파는 일 '이면 1, '운동 경기에서, 먼저 수비하는 일 '이면 2, '윗사람의 잘못을 간하는 일 '이면 3라고 대답해.",3번입니다.,0
ko_quiz_7,14,kullm12.8b,"'구메구메'의 뜻으로 알맞은 것은? '남모르게 틈틈이 '이면 1, '여러 몫으로 나눈 모개마다 '이면 2, '매우 천천히 걸어서 '이면 3라고 대답해.","구메구메는 ""남모르게 조심스레"" 또는 ""조심스럽게""를 의미하는 일본어입니다. 따라서 정답은 (2)입니다.",0
ko_quiz_7,15,kullm12.8b,"'귀잠'의 뜻으로 알맞은 것은? '아주 깊이 든 잠 '이면 1, '짧은 시간안에 드는 잠 '이면 2, '근심 없이 편하게 자는 잠 '이면 3라고 대답해.","2. ""짧은 시간 동안""은 '귀잠'과 같은 뜻입니다.",0
ko_quiz_7,16,kullm12.8b,"'꾀꾀로'의 뜻으로 알맞은 것은? '가끔가끔 틈을 타서 살그머니 '이면 1, '겨를이 있을 때마다 '이면 2, '시간적인 사이를 두고서 가끔씩 '이면 3라고 대답해.",1. 가끔씩.,1
ko_quiz_7,17,kullm12.8b,"서쪽에서 부는 바람을(를) 뜻하는 우리말은? '하늬바람 '이면 1, '샛바람 '이면 2, '마파람 '이면 3라고 대답해.","서쪽에서 부는 바람을 뜻하는 우리말은 ""하늬바람 ""입니다.",0
ko_quiz_7,18,kullm12.8b,"'갖추갖추'의 뜻으로 알맞은 것은? '여럿이 모두 있는 대로 '이면 1, '일을 대강대강 하는 모양 '이면 2, '살갗에 닿아 자꾸 걸리는 모양 '이면 3라고 대답해.","""갖추갖추""라는 단어의 뜻은 다음과 같습니다:1. 모든 것이 다 갖추어져 있는 상태2. 일을 대강대강 하는 모양3. 피부에 닿아 계속 걸리는 상태""갖추갖추""라는 단어는 3번의 뜻으로 사용됩니다.",0
ko_quiz_7,19,kullm12.8b,"채 익지 않은 과일을(를) 뜻하는 우리말은? '똘기 '이면 1, '날내 '이면 2, '맏물 '이면 3라고 대답해.","'똘기'는 익지 않은 과일을 의미하고, '날내'는 익었지만 맛이 아직 들지 않은 과일을 의미하며, '맏물'은 익은 과일을 의미합니다.",0
ko_quiz_7,20,kullm12.8b,"골라내거나 잘라 내고 남은 나머지을(를) 뜻하는 우리말은? '지스러기 '이면 1, '꿈지러기 '이면 2, '끄트러기 '이면 3라고 대답해.",1. 선택한 또는 잘라낸 나머지2. 꿈지러기 또는 끄트러기3. 선택하거나 잘라낸 나머지,0
ko_quiz_7,21,kullm12.8b,"'하물하물'의 뜻으로 알맞은 것은? '푹 익어서 무른 모양 '이면 1, '살이 꽤 부은 듯한 모양 '이면 2, '군데군데 하얀 모양 '이면 3라고 대답해.","설명한 단어의 뜻은 다음과 같습니다:* 하물하물: (부사) (보통은 긍정적) 부드러운, 무르거나 무른, 푹 익어서 무른 모양* 무른: (형용사) (보통은 부정적) 부드러운, 무르거나 무른, 푹 익어서 무른 모양* 부드러운: (형용사) (보통은 긍정적) 무른, 부드러운, 부드러운, 무르거나 무른 모양* 무른 모양: (명사) (보통 부정적) 부드러운, 무르거나 무른, 푹 익어서 무른 모양* 하얀 모양: (명사) (보통 긍정적) 하얀, 하얀, 하얀, 무른, 부드러운, 무른 모양* (보통 긍정적) 부드러운: (명사) (보통 긍정적) 부드러운, 무른, 부드러운, 무른 모양* (보통 부정적) 부드러운: (형용사) (보통 부정적) 부드러운, 무른, 무른, 무른, 부드러운, 무른 모양* (보통 긍정적) 부드러운: (형용사) (보통 긍정적) 부드러운, 무른, 부드러운, 무른, 부드러운, 부드러운, 무른, 부드러운* (보통 부정적) 부드러운: (형용사) (보통 부정적) 무른, 부드러운, 무른, 무른, 부드러운, 부드러운, 무른",0
ko_quiz_7,22,kullm12.8b,"'다붓다붓'의 뜻으로 알맞은 것은? '여럿이 다 매우 가깝게 붙어 있는 모양 '이면 1, '외따로 떨어져 여기저기 모여 있는 모양 '이면 2, '여럿이 정답게 이야기 하는 모양 '이면 3라고 대답해.","""다붓다붓""은 ""여럿이 다 매우 가깝게 붙어 있는 모양""을 의미합니다.",0
ko_quiz_7,23,kullm12.8b,"'꿈지러기'의 뜻으로 알맞은 것은? '음식물에서 생긴 구더기 '이면 1, '잘라 내고 남은 나머지 '이면 2, '잘게 부스러진 물건 '이면 3라고 대답해.",1. 물체에서 나온 구더기 2. 절단하고 남은 나머지 3. 잘게 부스러진 물건,0
ko_quiz_7,24,kullm12.8b,"'잡을손'의 뜻으로 알맞은 것은? '일을 다잡아 해내는 솜씨 '이면 1, '어떤 방면에서 썩 훌륭한 솜씨 '이면 2, '무리하게 억지로 해내는 솜씨 '이면 3라고 대답해.",3번 뜻이 정답입니다.,0
ko_quiz_7,26,kullm12.8b,"가루 따위가 미세하고 곱다을(를) 뜻하는 우리말은? '몽글다 '이면 1, '옹글다 '이면 2, '궁글다 '이면 3라고 대답해.","가루 따위가 미세하고 곱다를(를) 뜻하는 우리말은 ""몽글다""입니다.",0
ko_quiz_7,27,kullm12.8b,"생김새가 선이 굵고 시원시원한 모양을(를) 뜻하는 우리말은? '억실억실 '이면 1, '이리이리 '이면 2, '늠씰늠씰 '이면 3라고 대답해.","첫 번째 문장(억실억실)은 ""그는 시원시원한 외모를 가지고 있었다""라고 말하는 것과 같은 방식으로 발음됩니다.두 번째 문장(이리이리)은 ""그녀는 시원시원한 외모를 가지고 있었다""라고 말하는 것과 같은 방식으로 발음됩니다.세 번째 문장(늠씰늠씰)은 ""그는 시원시원한 외모를 가지고 있었다""라고 말하는 것과 같은 방식으로 발음됩니다.",0
ko_quiz_7,28,kullm12.8b,"'외틀다'의 뜻으로 알맞은 것은? '한쪽으로 틀다 '이면 1, '바싹 꼬면서 틀다 '이면 2, '값의 한도 안에 들다 '이면 3라고 대답해.",1. 한 쪽으로 비틀다2. 바싹 비틀다3. 한도를 맞추다,0
ko_quiz_7,29,kullm12.8b,"마음을 놓지 못하고 조바심하며 자는 잠을(를) 뜻하는 우리말은? '사로잠 '이면 1, '갈치잠 '이면 2, '도둑잠 '이면 3라고 대답해.",사로잠 - 1 갈치잠 - 2 도둑잠 - 3,0
ko_quiz_7,30,kullm12.8b,"생각이나 뜻이 크고 넓다을(를) 뜻하는 우리말은? '웅숭깊다 '이면 1, '깊디깊다 '이면 2, '호박하다 '이면 3라고 대답해.","'웅숭깊다'는 우리말로 생각이나 뜻이 크고 넓다는 뜻으로, 1로, '깊디깊다'는 우리말로 생각이나 뜻이 깊고 자세하다는 뜻으로 2로, '호박하다'는 우리말로 생각이나 뜻이 크고 넓다는 뜻으로 3으로 번역할 수 있습니다.",0
ko_quiz_7,31,kullm12.8b,"'담상담상'의 뜻으로 알맞은 것은? '드물고 성긴 모양 '이면 1, '휘휘 자꾸 젓는 모양 '이면 2, '이리저리 헤어지는 모양 '이면 3라고 대답해.","제공된 두 가지 옵션(1, 2, 3)을 사용하여 ""드문드문한 모양""의 의미를 유추할 수 있습니다.1. ""드문드문한 모양""의 의미는 ""드문드문한 모양""을 찾는 데 사용되는 다양한 도구와 기법의 관점에서 설명할 수 있습니다.2. ""드문드문한 모양""을 찾는 데 사용되는 기법의 관점에서 ""드문드문한 모양""을 찾는 데 사용되는 다양한 기법의 관점에서 설명할 수 있습니다.3. ""드문드문한 모양""의 뜻은 개인과 집단의 경험에서 ""드문드문한 모양""이 상징하는 의미와 관련이 있습니다.이 옵션 중에서 어느 것이 가장 마음에 드시나요?",0
ko_quiz_7,32,kullm12.8b,"'제낄손'의 뜻으로 알맞은 것은? '일을 해내는 솜씨나 능력 '이면 1, '사람을 서로 바꾸어 일함 '이면 2, '무리하게 억지로 해내는 솜씨 '이면 3라고 대답해.",3번 항목은 '무리하게 억지로 일을 해내는 솜씨'를 의미하기 때문에 정답은 3번입니다.,0
ko_quiz_7,33,kullm12.8b,"'맨드리'의 뜻으로 알맞은 것은? '옷을 입고 매만진 맵시 '이면 1, '겉으로 드러나는 자태나 맵시 '이면 2, '꾸미지 않고 나타나는 자연스러운 맵시 '이면 3라고 대답해.",맨드리 - 1,1
ko_quiz_7,34,kullm12.8b,"비좁은 방에서 여럿이 모로 끼어 자는 잠을(를) 뜻하는 우리말은? '갈치잠 '이면 1, '귀잠 '이면 2, '그루잠 '이면 3라고 대답해.","세 가지 가능한 답이 있습니다:* 비좁은 방에서 여럿이 모로 누워 자는 것을 의미하는 우리말은 ""갈치잠""입니다.* 좁고 불편한 방에서 여럿이 모로 끼어 자는 것을 의미하는 우리말은 ""귀잠""입니다.* 좁고 불편한 방에서 여럿이 모로 끼어 자는 것을 의미하는 우리말은 ""그루잠""입니다.",0
ko_quiz_7,36,kullm12.8b,"'무드러기'의 뜻으로 알맞은 것은? '미처 다 타지 않고 남아 있는 장작개비 '이면 1, '쓰고 남은 자질구레한 조각 '이면 2, '골라내거나 잘라 내고 남은 나머지 '이면 3라고 대답해.","정답은 1번, ""미처 다 타지 않고 남아 있는 장작개비""입니다.",1
ko_quiz_7,37,kullm12.8b,"'몽짜'의 뜻으로 알맞은 것은? '음흉하고 심술궂게 욕심을 부리는 짓 '이면 1, '겉보기와 달리 속으로는 엉큼한 데가 있는 것 '이면 2, '말이나 행동이 철저하거나 분명하지 않은 것 '이면 3라고 대답해.",정답은 3번입니다.,0
ko_quiz_7,38,kullm12.8b,"억울한 누명이나 오명을(를) 뜻하는 우리말은? '덤터기 '이면 1, '끌터기 '이면 2, '마루터기 '이면 3라고 대답해.",억울한 누명이나 오명을 뜻하는 우리말은 '덤터기'입니다.,0
ko_quiz_7,39,kullm12.8b,"물 "" ""붉덩물 "" ""우물물 "" 중 물을 끌어 올리기 위하여 위에서 붓는 물을(를) 뜻하는 우리말은? '마중물 '이면 1, '붉덩물 '이면 2, '우물물 '이면 3라고 대답해.","""마중물 ""은 1번을, ""붉덩물 ""은 2번을, ""우물물 ""은 3번을 나타냅니다.",0
ko_quiz_7,40,kullm12.8b,"아무 도구도 가지지 아니하고 맨손뿐인 것을(를) 뜻하는 우리말은? '매나니 '이면 1, '맨이름 '이면 2, '껑터리 '이면 3라고 대답해.",도구 없이 맨손만 있는 경우에는 '맨손'이라는 단어가 사용됩니다.,0
ko_quiz_7,41,kullm12.8b,"어린아이가 듣기 싫게 자꾸 울다을(를) 뜻하는 우리말은? '빼빼거리다 '이면 1, '배쓱거리다 '이면 2, '쨍끗거리다 '이면 3라고 대답해.","""빼빼거리다""는 1, ""배쓱거리다""는 2, ""쨍긋거리다""는 3을 의미합니다.",0
ko_quiz_7,42,kullm12.8b,"가끔가끔 틈을 타서 살그머니을(를) 뜻하는 우리말은? '꾀꾀로 '이면 1, '곳곳이 '이면 2, '짬짬이 '이면 3라고 대답해.",'틈을 타서'는 상황이나 작업 중에 몰래 무언가를 하거나 움직이는 것을 의미합니다. 상황의 틈새나 틈을 활용하여 다른 일을 처리하거나 진행한다는 뜻입니다.1. 틈을 타서2. 틈을 타서3. 틈을 타서,0
ko_quiz_7,44,kullm12.8b,"사이가 좋아 화목하다을(를) 뜻하는 우리말은? '구순하다 '이면 1, '광순하다 '이면 2, '교순하다 '이면 3라고 대답해.","우리말에서 ""좋다""는 긍정적인 의미로 사용됩니다. ""화목하다""는 좋다의 뜻으로 사용할 수 있는 긍정적인 표현입니다. 그러나 '좋다'와 '좋다'는 긍정적인 의미로 사용되지만 '좋다'와 '좋다'는 같은 의미가 아니므로 서로 바꾸어 사용할 수 없습니다.",0
ko_quiz_7,45,kullm12.8b,"'너테'의 뜻으로 알맞은 것은? '여러 겹으로 얼어붙은 얼음 '이면 1, '유리창에 붙은 얼음 '이면 2, '잘고 희게 부스러진 얼음 '이면 3라고 대답해.",3번 항목은 틀린 설명입니다. '잘고 희게 부스러진 얼음'은 '분말 눈'의 동의어입니다. 따라서 정답은 3번입니다.,0
ko_quiz_7,46,kullm12.8b,"새로 갓 나온 과일이나 생선을(를) 뜻하는 우리말은? '새물 '이면 1, '새간 '이면 2, '새김 '이면 3라고 대답해.",새물 - 1 새간 - 2 새김 - 3,0
ko_quiz_7,48,kullm12.8b,"'지며리'의 뜻으로 알맞은 것은? '차분하고 꾸준한 모양 '이면 1, '매우 드물고 성긴 모양 '이면 2, '살이 핏기가 없이 거친 모양 '이면 3라고 대답해.",1. 풍부하고 다채로운2. 드문3. 나태하고 완고한4. 성글고 드문5. 매우 드물다,0
ko_quiz_7,49,kullm12.8b,"샘이 많아서 안달하는 사람을(를) 뜻하는 우리말은? '샘바리 '이면 1, '샘꼬니 '이면 2, '샘받이 '이면 3라고 대답해.","네, ""샘이 많아서 안달하는 사람""이라는 문구를 사용할 때는 ""샘바리"" 또는 ""샘꼬니""로 표현할 수 있습니다. 따라서 정답은 1, 2, 3 중 하나입니다.",0
ko_quiz_7,51,kullm12.8b,"몸은 약하여 보여도 힘이 세고 다부지다을(를) 뜻하는 우리말은? '앙세다 '이면 1, '걱세다 '이면 2, '까세다 '이면 3라고 대답해.","""앙세다""와 ""거세다""는 힘의 차이를 나타내는 한국어 단어입니다. ""앙세다""는 더 작은 힘을 의미하고 ""거세다""는 더 큰 힘을 의미합니다. ""까세다""는 힘의 크기가 아닌 다른 특징이나 성격을 묘사하는 데 사용되는 용어입니다.예를 들어, 힘이 세고 다부지다는 의미로 ""앙세다""라고 말할 수 있습니다. 반면에 ""거세다""는 더 크고 강한 힘을 의미합니다. ""까세다""는 이러한 특성이나 성격을 묘사하는 데 사용되는 용어로 ""앙세다""나 ""거세다""와 같은 의미를 전달하지 않습니다.",0
ko_quiz_7,52,kullm12.8b,"복잡하고 까다로운 조건이 생기다을(를) 뜻하는 우리말은? '가탈지다 '이면 1, '거방지다 '이면 2, '무면지다 '이면 3라고 대답해.",앞서 혼란을 드린 점 사과드립니다. 다음은 복잡하거나 까다로운 조건이 발생하면 우리말로 어떻게 표현할 수 있는지에 대한 예시입니다:1. 복잡하고 까다로운 조건이 발생합니다.2. 복잡하거나 까다로운 조건이 발생했습니다.3. 복잡하거나 까다로운 조건이 발생했습니다.4. 복잡하고 까다로운 조건이 발생했습니다.5. 복잡하거나 까다로운 조건이 발생했습니다.6. 복잡하고 까다로운 조건이 발생했습니다.7. 복잡하고 까다로운 조건이 발생했습니다.8. 복잡하거나 까다로운 조건이 발생했습니다.9. 복잡하거나 까다로운 조건이 발생했습니다.10. 복잡하거나 까다로운 조건이 발생했습니다.,0
ko_quiz_7,56,kullm12.8b,"'마파람'의 뜻으로 알맞은 것은? '남쪽에서 부는 바람을 이르는 말 '이면 1, '북쪽에서 부는 바람을 이르는 말 '이면 2, '서쪽에서 부는 바람을 이르는 말 '이면 3라고 대답해.",1. 마파람은 북풍이나 북동풍을 가리키는 말입니다.2. 마파람은 서쪽에서 부는 바람을 가리키는 말입니다.3. 마파람은 남풍이나 남서풍을 가리키는 말입니다.,0
ko_quiz_7,57,kullm12.8b,"서로 마음이 맞지 아니하여 사이가 벌어지는 모양을(를) 뜻하는 우리말은? '아근바근 '이면 1, '울고불고 '이면 2, '앙글방글 '이면 3라고 대답해.",마음이 맞지 않아 사이가 멀어지는 모양은 '아근바근'입니다.,0
ko_quiz_7,59,kullm12.8b,"물건들을 요리조리 들추며 뒤지다을(를) 뜻하는 우리말은? '되작이다 '이면 1, '되똑하다 '이면 2, '되울리다 '이면 3라고 대답해.","우리말에서 ""되작이다"", ""되똑하다"", ""되울리다""는 모두 물건을 들춰가며 뒤지거나 뒤적이는 행동을 표현하는 데 사용됩니다. 이 세 가지 동사는 각각 1, 2, 3의 확률로 사용됩니다.",0
ko_quiz_7,61,kullm12.8b,"겨드랑이에서 나는 땀을(를) 뜻하는 우리말은? '곁땀 '이면 1, '겨욹 '이면 2, '겨땀 '이면 3라고 대답해.","곁땀 - 3, 겨욹 - 2, 겨땀 - 1",0
ko_quiz_7,63,kullm12.8b,"'불땀'의 뜻으로 알맞은 것은? '화력이 세고 약한 정도 '이면 1, '불에서 나오는 뜨거운 기운 '이면 2, '치솟아 오르는 불길 '이면 3라고 대답해.",1. 화력이 세고 약하다2. 불에서 나오는 뜨거운 기운3. 타오르는 불길,0
ko_quiz_7,64,kullm12.8b,"'덤터기'의 뜻으로 알맞은 것은? '억울한 누명이나 오명 '이면 1, '조금 더 얹어 주는 물건 '이면 2, '밑바탕이나 기초를 비유한 말 '이면 3라고 대답해.","이 문제에 대한 정답은 3번입니다. ""덤터기를 쓰다""라는 표현은 ""밑바탕이나 기초를 비유""하는 표현으로, 이는 ""덤터기""라는 용어가 부패하거나 더럽거나 오염된 물건을 비유할 때 사용되는 것과 비슷하다는 것을 의미합니다. 이 비유는 특히 누군가가 부당한 비난을 받거나 누명을 썼을 때와 관련이 있을 수 있습니다.",0
ko_quiz_7,65,kullm12.8b,"'꺽세다'의 뜻으로 알맞은 것은? '매우 단단하고 힘이 세다 '이면 1, '기세가 몹시 강하고 사납다 '이면 2, '하는 짓이 야무지고 올차다 '이면 3라고 대답해.",꺾다의 뜻은 다음과 같습니다:* 1: 매우 단단하고 힘이 세다* 2: 기세가 매우 강하고 사납다* 3: 하는 짓이 야무지고 올차다,0
ko_quiz_7,67,kullm12.8b,"붙어 있는 정도가 매우 가깝게을(를) 뜻하는 우리말은? '다붓이 '이면 1, '더북이 '이면 2, '올망졸망 '이면 3라고 대답해.",1. 다붓이2. 더북이3. 올망졸망,0
ko_quiz_7,68,kullm12.8b,"'덧거리'의 뜻으로 알맞은 것은? '정해진 수량 이외에 덧붙이는 물건 '이면 1, '실내에서 구두 위에 덧신는 신 '이면 2, '작업할 때 옷 위에 덧입는 옷 '이면 3라고 대답해.","정답은 2번입니다. 덧거리는 주어진 수량 이외에 덧붙이는 물건으로, 주로 실내에서 구두 위에 덧신는 데 사용됩니다.",0
ko_quiz_7,69,kullm12.8b,"'모지랑이'의 뜻으로 알맞은 것은? '오래 써서 끝이 닳아 떨어진 물건 '이면 1, '한 쪽으로 옥아 들어 곱아든 물건 '이면 2, '한 쪽으로 오목하게 들어가거나 주름이 잡힌 물건 '이면 3라고 대답해.",3,0
ko_quiz_7,70,kullm12.8b,"'검세다'의 뜻으로 알맞은 것은? '성질이 질기고 억세다 '이면 1, '몸이 굳고 억세다 '이면 2, '매우 단단하고 힘이 세다 '이면 3라고 대답해.",1. 성질이 질기고 억세다2. 몸이 굳고 억세다3. 매우 단단하고 힘이 세다,0
ko_quiz_7,71,kullm12.8b,"'누부룩하다'의 뜻으로 알맞은 것은? '늘어진 모양이 차분하다 '이면 1, '음식 따위가 식어서 매우 차다 '이면 2, '매우 보드랍고 연하다 '이면 3라고 대답해.",2,0
ko_quiz_7,72,kullm12.8b,"두 대상이나 물체 사이가 조금 가깝다을(를) 뜻하는 우리말은? '바특하다 '이면 1, '검특하다 '이면 2, '사특하다 '이면 3라고 대답해.",1: 바특하다2: 검특하다3: 사특하다,0
ko_quiz_7,73,kullm12.8b,"'끌밋하다'의 뜻으로 알맞은 것은? '차림새 따위가 매우 깨끗하고 헌칠하다 '이면 1, '모양이 지저분하지 않고 유난히 깨끗하다 '이면 2, '조금 희고 깨끗하다 '이면 3라고 대답해.",1. 깔끔하다 2. 깨끗하다 3. 희고 깨끗하다,0
ko_quiz_7,76,kullm12.8b,"'결찌'의 뜻으로 알맞은 것은? '어찌어찌하여 연분이 닿는 먼 친척 '이면 1, '매우 빨리 떨어지는 불빛을 비유적으로 이르는 말 '이면 2, '뱃간에 깔기 위하여 엮은 나뭇가지 '이면 3라고 대답해.",1. 연분이 닿다 2. 매우 빠르게 떨어지는 불빛 3. 뱃간에 깔리다,0
ko_quiz_7,77,kullm12.8b,"'슬기주머니'의 뜻으로 알맞은 것은? '남다른 재능을 지닌 사람 '이면 1, '꾀를 많이 가지고 있는 사람 '이면 2, '보거나 들은 것을 오래 기억하는 사람 '이면 3라고 대답해.","3번은 ""보거나 들은 것을 오래 기억하는 재주""를 의미하므로 3번이 정답입니다.",0
ko_quiz_7,78,kullm12.8b,"'살피꽃밭'의 뜻으로 알맞은 것은? '경계선을 따라 좁고 길게 만든 꽃밭 '이면 1, '정원 한옆에 둥글거나 모지게 만든 꽃밭 '이면 2, '다양한 꽃들이 피도록 볼록하게 만든 꽃밭 '이면 3라고 대답해.",3번이 정답입니다.,0
ko_quiz_7,79,kullm12.8b,"'되알지다'의 뜻으로 알맞은 것은? '힘주는 맛이나 억짓손이 몹시 세다 '이면 1, '튀어져 나오고 벌어져서 아늑한 맛이 없다 '이면 2, '실속이 있게 속이 꽉 차 있다 '이면 3라고 대답해.","알겠습니다. ""알차다""라는 용어의 뜻을 혼동하여 혼란을 드린 점 사과드립니다. ""되알지다""라는 용어는 3번 항목에 언급된 ""알차다""라는 의미가 아닙니다. ""되알지다""는 어떤 사람이나 사물이 ""알차다""는 뜻입니다. 혼란을 드려 죄송합니다.",0
ko_quiz_7,81,kullm12.8b,"'검불덤불'의 뜻으로 알맞은 것은? '한데 뒤섞이고 엉클어져 어수선한 모양 '이면 1, '검은빛을 띠면서 조금 붉게 '이면 2, '군데군데 불그스름한 모양 '이면 3라고 대답해.","정답은 2, ""검은빛을 띠면서 약간 붉게 보입니다.""입니다.",0
ko_quiz_7,83,kullm12.8b,"맨 처음으로 물건을 파는 일을(를) 뜻하는 우리말은? '마수걸이 '이면 1, '나릇걸이 '이면 2, '모두걸이 '이면 3라고 대답해.",맨 처음으로 물건을 파는 것을 '마수걸이'라고 합니다.,0
ko_quiz_7,84,kullm12.8b,"한데 뒤섞이고 엉클어져 어수선한 모양을(를) 뜻하는 우리말은? '검불덤불 '이면 1, '가막덤불 '이면 2, '가막사리 '이면 3라고 대답해.","""가막덤불""은 흐트러져 어수선한 모양을 뜻하는 우리말입니다.",0
ko_quiz_7,85,kullm12.8b,"야무지고 다부지다을(를) 뜻하는 우리말은? '아금받다 '이면 1, '올리받다 '이면 2, '너름받다 '이면 3라고 대답해.","'아금받다'는 1번, '올리받다'는 2번, '너름받다'는 3번으로 대답하세요.",0
ko_quiz_7,86,kullm12.8b,"늦추어진 것을 바짝 잡아 죄는 일을(를) 뜻하는 우리말은? '다잡이 '이면 1, '감잡이 '이면 2, '드잡이 '이면 3라고 대답해.","'늦추어 바짝 조여든다'는 관용 표현은 어떤 사건의 경과나 속도가 느려지거나 느려졌다는 뜻으로, 기간이나 시간이 길어졌음을 의미합니다. 1의 의미는 '늦춰진 것'입니다.",1
ko_quiz_7,87,kullm12.8b,"이러니저러니 하고 시비를 가리는 모양을(를) 뜻하는 우리말은? '왕배덕배 '이면 1, '야불답백 '이면 2, '다불다불 '이면 3라고 대답해.","왕배덕배`는 ""이러니저러니 시비를 가리다"" 또는 ""이러니저러니 말다툼하다""라는 뜻의 우리말입니다.",0
ko_quiz_7,88,kullm12.8b,"'소소리'의 뜻으로 알맞은 것은? '높이 우뚝 솟은 모양 '이면 1, '많은 사람이 들끓는 모양 '이면 2, '눈 따위가 가볍게 내리는 소리 '이면 3라고 대답해.","정답은 다음과 같습니다: 3. 눈 따위가 가볍게 내리는 소리.""소소리""라는 단어는 ""눈 따위가 가볍게 내리는 소리""를 의미합니다.",0
ko_quiz_7,89,kullm12.8b,"'바람살'의 뜻으로 알맞은 것은? '세차게 부는 바람의 기운 '이면 1, '늘 분주하게 이리저리 떠돌아다니게 된 액운 '이면 2, '연의 뼈대가 되는 부분 '이면 3라고 대답해.",1. 바람살은 세차게 부는 바람의 기운을 의미합니다.,1
ko_quiz_7,90,kullm12.8b,"'맛문하다'의 뜻으로 알맞은 것은? '몹시 지친 상태에 있다 '이면 1, '맛없이 싱겁게 굴다 '이면 2, '음식을 맛깔스럽게 하다 '이면 3라고 대답해.","3. ""맛있게 맛을 내다""는 맛이 강하거나 맛있는 음식을 만들기 위해 다양한 양념, 향신료, 재료를 사용한다는 의미로 사용됩니다.",0
ko_quiz_7,91,kullm12.8b,"'갖신'의 뜻으로 알맞은 것은? '가죽으로 만든 우리 고유의 신 '이면 1, '억새로 삼은 신 '이면 2, '여러 가지 빛깔로 곱게 꾸민 신발 '이면 3라고 대답해.",정답은 3번입니다. 가죽으로 만든 신은 갖신이 아닙니다. 가죽으로 만든 신은 고무신입니다.,0
ko_quiz_7,92,kullm12.8b,"'고샅길'의 뜻으로 알맞은 것은? '시골 마을의 좁은 골목길 '이면 1, '입신출세 하는 길 '이면 2, '폭이 좁은 호젓한 길 '이면 3라고 대답해.","알아두면 도움이 될 만한 몇 가지 제안 사항이 있습니다:1. ""개울"" - 이 단어는 시골 마을의 좁은 골목길을 의미합니다.2. ""골목길"" - 이 단어는 입신출세하는 길을 의미하며, 이 경우 길을 지칭하는 것이 아니라 행운을 의미합니다.3. ""좁은 길"" - 이 단어는 폭이 좁은 호젓한 길을 의미합니다.",0
ko_quiz_7,93,kullm12.8b,"'지스러기'의 뜻으로 알맞은 것은? '골라내거나 잘라 내고 남은 나머지 '이면 1, '손톱이 박힌 자리 주변에 살갗이 일어난 것 '이면 2, '깎아 내거나 끊어 내고 남은 자질구레한 나뭇조각 '이면 3라고 대답해.",지스러기라는 단어는 다음과 같이 다양한 의미로 사용될 수 있습니다:1. 골라내거나 잘라내고 남은 자질구레한 나뭇조각2. 손톱이 박힌 자리 주변에 살갗이 일어난 것3. 깎아 내거나 끊어 내고 남은 자질구레한 나뭇조각4. 자질구레한 나뭇조각을 골라내거나 잘라내고 남은 나머지5. 지스러기를 포함하거나 포함하지 않는 자질구레한 나뭇조각6. 지스러기를 포함하거나 포함하지 않는 자질구레한 나뭇조각7. 자질구레한 나뭇조각을 잘라내거나 골라내고 남은 나머지8. 자질구레한 나뭇조각을 잘라내거나 골라내고 남은 나머지,0
ko_quiz_7,94,kullm12.8b,"'빼빼거리다'의 뜻으로 알맞은 것은? '어린아이가 듣기 싫게 자꾸 울다 '이면 1, '눈이나 코를 약간씩 자꾸 쨍그리다 '이면 2, '쓰러질 듯이 요리조리 자꾸 비틀거리다 '이면 3라고 대답해.","""빼빼 소리를 내다""는 ""몸이 약하거나 건강이 좋지 않아 (특히 밤에) 계속 신음하다""는 뜻입니다.",0
ko_quiz_7,95,kullm12.8b,"곤두박질하여 푹 쓰러지다을(를) 뜻하는 우리말은? '군드러지다 '이면 1, '수그러지다 '이면 2, '서그러지다 '이면 3라고 대답해.",1. 곤두박질하다2. 수그라든다3. 서그러진다,0
ko_quiz_7,97,kullm12.8b,"자신의 힘을 다하여을(를) 뜻하는 우리말은? '깜냥깜냥 '이면 1, '꼬노꼬노 '이면 2, '섬마섬마 '이면 3라고 대답해.","제공된 정보에 따르면, 깜냥깜냥은 1, 꼬노꼬노는 2, 섬마섬마는 3에 해당합니다. 이는 깜냥깜냥은 일반적으로 행동이나 능력에 대한 정보를 전달하는 데 사용되는 반면, 꼬노꼬노는 체격이나 체격에 대한 정보를 전달하는 데 사용되기 때문에 ""자신의 힘을 다하여""라는 문구를 ""깜냥깜냥""으로 번역할 수 있습니다.",0
ko_quiz_7,99,kullm12.8b,"그릇 위까지 수북하게 담은 밥을(를) 뜻하는 우리말은? '감투밥 '이면 1, '구메밥 '이면 2, '고두밥 '이면 3라고 대답해.","감투밥 - 1, 구메밥 - 2, 고두밥 - 3",0
ko_quiz_7,100,kullm12.8b,"'깜냥깜냥'의 뜻으로 알맞은 것은? '자신의 힘을 다하여 '이면 1, '하루 시간을 다 써서 '이면 2, '아주 빠른 속도로 '이면 3라고 대답해.","정답은 1, 2, 3입니다. 깜냥깜냥은 자신의 힘이나 시간을 다하여 또는 아주 빠른 속도로 무언가를 하는 것을 뜻합니다. 깜냥깜냥의 예로는 마라톤을 완주하기 위해 자신의 힘을 다하거나, 아주 빠른 속도로 과제를 완수하는 것 등이 있습니다. 깜냥깜냥은 일상 생활에서 긍정적인 의미로 사용되기도 하고, 부정적인 의미로 사용되기도 합니다.",0
ko_quiz_7,101,kullm12.8b,"'안다니'의 뜻으로 알맞은 것은? '무엇이든지 잘 아는 체하는 사람 '이면 1, '어떤 일이나 사상에서 다른 사람보다 앞선 사람 '이면 2, '미련하거나 행동이 느린 사람 '이면 3라고 대답해.","모르겠습니다. ""안 다니""의 의미는 문맥에 따라 다르며 어떤 특정한 의미를 가질지 알 수 없습니다.",0
ko_quiz_7,102,kullm12.8b,"'내광쓰광'의 뜻은?을(를) 뜻하는 우리말은? '만나도 모르는 체하며 냉정하게 대하는 모양 '이면 1, '서로 옳으니 그르니 하며 다투는 모양 '이면 2, '사람을 대할 때 친밀감이 없이 예사로운 모양 '이면 3라고 대답해.","1. 以危授危(yǐ wēi shǔ wēi) - ""위험을 무릅쓰고 위험을 감수하다""2. 見毛不知髮(jiàn máo bù zhī fà) - ""눈앞에 있는 털을 보지 못하고 머리털을 뽑는다""3. 以比易敵(yǐ bǐ yì dí) - ""비교하여 적수를 찾다""",0
ko_quiz_7,104,kullm12.8b,"'꺼끄러기'의 뜻으로 알맞은 것은? '낟알 껍질에 붙은 껄끄러운 수염 '이면 1, '골라내거나 잘라 내고 남은 나머지 '이면 2, '음식물에서 생긴 구더기 '이면 3라고 대답해.","설명한 것을 바탕으로 ""꺼끄러기""의 올바른 의미는 다음과 같습니다:1. 골라내거나 잘라내고 남은 나머지(예: 남은 음식)2. 음식물에서 생긴 구더기(예: 수프의 구더기)3. 골동품(예: 오래된 물건에서 나온 구더기)설명하신 예시가 정확하지 않을 수 있지만, 남은 음식 또는 음식에서 발생하는 구더기라는 설명에 맞는 가장 정확한 답변은 1입니다.",0
ko_quiz_7,105,kullm12.8b,"화력이 세고 약한 정도을(를) 뜻하는 우리말은? '불땀 '이면 1, '불귀 '이면 2, '불기 '이면 3라고 대답해.","화력의 세기를 나타내는 우리말 표현은 불땀이며, 불기와 불귀도 같은 뜻입니다.",0
ko_quiz_7,109,kullm12.8b,"만나도 모르는 체하며 냉정하게 대하는 모양을(를) 뜻하는 우리말은? '내광쓰광 '이면 1, '야른야른 '이면 2, '흐리무레 '이면 3라고 대답해.",정확한 답변을 드리기 위해서는 문맥이 필요합니다. 자세한 내용을 제공해 주시겠어요?,0
ko_quiz_7,110,kullm12.8b,"'노루잠'의 뜻으로 알맞은 것은? '깊이 들지 못하고 자꾸 놀라 깨는 잠 '이면 1, '바로 눕지 못하고 엎드려서 자는 잠 '이면 2, '이른 저녁에 자는 잠 '이면 3라고 대답해.","""노루잠""의 뜻은 3번이라고 대답합니다.",0
ko_quiz_7,111,kullm12.8b,"마음에 흡족하게 흐뭇하다을(를) 뜻하는 우리말은? '오달지다 '이면 1, '암팡지다 '이면 2, '오라지다 '이면 3라고 대답해.",1. 오달지다: 마음에 흡족하게 흐뭇하다.2. 암팡지다: 억세고 다부지며 옹골차다.3. 오지다: 꽤 단단히 엉겨 있다.,0
ko_quiz_7,112,kullm12.8b,"쉬어 가며 일을 천천히 하다을(를) 뜻하는 우리말은? '능놀다 '이면 1, '막놀다 '이면 2, '휘놀다 '이면 3라고 대답해.",능놀다 - 1 막놀다 - 2 휘놀다 - 3,0
ko_quiz_7,113,kullm12.8b,"'애면글면'의 뜻으로 알맞은 것은? '몹시 힘에 겨운 일을 이루려고 갖은 애를 쓰는 모양 '이면 1, '많은 사람이 비좁게 모여 몹시 붐비거나 들끓는 모양 '이면 2, '야단스럽게 울기도 하며 부르짖기도 하며 우는 모양 '이면 3라고 대답해.",정답은 3입니다. '몹시 힘들다'는 뜻입니다.,0
ko_quiz_7,114,kullm12.8b,"윤이 나고 부드럽고 살지다을(를) 뜻하는 우리말은? '유들지다 '이면 1, '울멍지다 '이면 2, '우거지다 '이면 3라고 대답해.","물론입니다! 다음은 고유한 한국어 단어가 있는 순서입니다:1. 유들지다 (1)2. 울멍지다 (2)3. 우거지다 (3)이러한 단어는 모두 ""유들지다"" 또는 ""울멍지다""와 같이 동사를 만드는 데 사용할 수 있는 접사와 같은 유형의 접사를 가지고 있습니다.또한 '부드럽다'와 '부드럽다'라는 단어는 모두 '유들지다' 또는 '울멍지다'라는 단어와 같이 유들지거나 부드럽다는 의미를 가진 접두사 '유'를 가지고 있습니다.",0
ko_quiz_7,115,kullm12.8b,"'얼없다'의 뜻으로 알맞은 것은? '조금도 틀림이 없다 '이면 1, '다부지지 못하여 어수룩하다 '이면 2, '황당하고 기가 막히는 듯하다 '이면 3라고 대답해.","3번 옵션 ""황당하고 기가 막히는 듯하다""가 ""얼없다""의 뜻으로 올바르게 해석됩니다. 이 표현은 문자 그대로 해석하면 ""황당하고 기가 막히는 듯하다""는 뜻입니다.",0
ko_quiz_7,116,kullm12.8b,"여러 집이 한데 모여 이루어진 집단을(를) 뜻하는 우리말은? '두럭 '이면 1, '두말 '이면 2, '두멍 '이면 3라고 대답해.","'두럭'은 몇 집이 함께 모여 이루어진 집단을 뜻하는 우리말입니다. 이와 반대로, '두말'은 여러 집이 모여서 이루어진 집단을 뜻하는 우리말입니다. '두멍'은 물을 저장할 수 있는 큰 통이나 그릇을 뜻하는 우리말입니다.",0
ko_quiz_7,117,kullm12.8b,"'샛바람'의 뜻으로 알맞은 것은? '동쪽에서 부는 바람을 이르는 말 '이면 1, '북쪽에서 부는 바람을 이르는 말 '이면 2, '서쪽에서 부는 바람을 이르는 말 '이면 3라고 대답해.","알맞은 대답은 3번입니다. ""서쪽에서 부는 바람을 이르는 말""이라는 뜻입니다.",0
ko_quiz_7,118,kullm12.8b,"'배틀다'의 뜻으로 알맞은 것은? '일을 어그러지게 하다 '이면 1, '여러 가닥으로 흩어져 이리저리 얽히다 '이면 2, '바르지 아니하고 한쪽으로 조금 쏠리다 '이면 3라고 대답해.",1. 혼란스럽게 만들다2. 느슨하게 만들다3. 비뚤어진 것으로 만들다.,0
ko_quiz_7,120,kullm12.8b,"일을 짓궂게 훼방함을(를) 뜻하는 우리말은? '헤살 '이면 1, '말살 '이면 2, '득살 '이면 3라고 대답해.",헤살: 1 말살: 2 득살: 3,0
ko_quiz_7,121,kullm12.8b,"형제나 자매 사이의 우애심을(를) 뜻하는 우리말은? '띠앗 '이면 1, '띠배 '이면 2, '한배 '이면 3라고 대답해.",형제자매 사이의 우애심을 뜻하는 우리말은 '띠앗'입니다.,0
ko_quiz_7,122,kullm12.8b,"'울멍지다'의 뜻으로 알맞은 것은? '크고 뚜렷한 것들이 두드러지다 '이면 1, '풀, 나무 따위가 자라서 무성해지다 '이면 2, '울상이 되어 자꾸 울음이 터져 나오려고 하다 '이면 3라고 대답해.","정답은 2입니다. ""울상이 되다""는 ""울음이 터질 것 같다"" 또는 ""눈물이 나올 것 같다""는 뜻입니다.",0
ko_quiz_7,123,kullm12.8b,"'한소끔'의 뜻으로 알맞은 것은? '한 번 끓어오르는 모양 '이면 1, '서로서로 저마다 '이면 2, '죽기로 기를 쓰고 '이면 3라고 대답해.",한소끔: 1,1
ko_quiz_7,125,kullm12.8b,"충분히 익어 저절로 떨어질 정도가 된 상태을(를) 뜻하는 우리말은? '아람 '이면 1, '가람 '이면 2, '무람 '이면 3라고 대답해.","아람은 '충분히 익어 저절로 떨어질 정도가 된 상태'를 의미하고, 가람은 '강의 흐름'을 의미하며, 무람은 '거리낌이 없음'을 의미합니다. 따라서 1, 2, 3의 정답은 다음과 같습니다: 아람 1, 가람 2, 무람 3",0
ko_quiz_7,126,kullm12.8b,"잠이 오지 아니하여 누워서 몸을 이리저리 뒤척거리다을(를) 뜻하는 우리말은? '궁싯거리다 '이면 1, '가랑거리다 '이면 2, '말똥거리다 '이면 3라고 대답해.","'몸을 이리저리 뒤척이다'는 뜻의 '궁싯거리다'라는 단어는 1번 옵션과 관련이 있습니다. 반면, '가랑거리다'는 뜻의 '말똥거리다'는 2번 옵션과 관련이 있습니다.",0
ko_quiz_7,127,kullm12.8b,"'감또개'의 뜻으로 알맞은 것은? '꽃과 함께 떨어진 어린 감 '이면 1, '죄를 처단하기를 청하는 송사 '이면 2, '옷감의 양 끝에 휘감친 부분 '이면 3라고 대답해.",'감또개'의 뜻은 3번입니다.,0
ko_quiz_7,129,kullm12.8b,"드물고 성긴 모양을(를) 뜻하는 우리말은? '담상담상 '이면 1, '휘전휘전 '이면 2, '헤산바산 '이면 3라고 대답해.","제공된 문장을 분석하여 다음과 같은 방법으로 모음을 추출합니다:1. 1은 'ㅏ'로, 2는 'ㅑ'로, 3은 'ㅕ'입니다.2. 'ㅏ'가 있는 문장은 1개, 'ㅑ'가 있는 문장은 2개, 'ㅕ'가 있는 문장은 3개입니다.3. 따라서 3개의 모음이 제공된 문장에서 발견되었으므로 귀하가 요청하신 기준을 충족합니다.",0
ko_quiz_7,130,kullm12.8b,"'갈치잠'의 뜻으로 알맞은 것은? '비좁은 방에서 여럿이 모로 끼어 자는 잠 '이면 1, '아주 깊이 든 잠 '이면 2, '깨었다가 다시 든 잠 '이면 3라고 대답해.","""갈치잠""이라는 단어는 ""깊은 잠""을 의미합니다.",0
ko_quiz_7,131,kullm12.8b,"'슬겁다'의 뜻으로 알맞은 것은? '마음씨가 너그럽고 미덥다 '이면 1, '훌륭하거나 굉장하다 '이면 2, '마음에 거슬림이 없이 기쁘다 '이면 3라고 대답해.","""슬겁다""라는 단어의 뜻은 다음과 같습니다:1. 관대하거나 부드러운2. 훌륭하거나 멋진3. 편안하거나 만족스러운",0
ko_quiz_7,132,kullm12.8b,"성질이 질기고 억세다을(를) 뜻하는 우리말은? '검세다 '이면 1, '걱세다 '이면 2, '까세다 '이면 3라고 대답해.",1. 검세다 - 성질이 질기고 억세다2. 거세다 - 성질이 억세고 질기다3. 거세다 - 성질이 억세고 질기다.,0
ko_quiz_7,133,kullm12.8b,"갑자기 서늘한 느낌이 자꾸 들다을(를) 뜻하는 우리말은? '선득거리다 '이면 1, '씨근거리다 '이면 2, '오들거리다 '이면 3라고 대답해.",3가지 옵션을 의미합니다: 1. 선득하다 - 서리가 내리다 또는 갑자기 차가운 느낌2. 씨근거리다 - 날카로운 바람 또는 기분이 나빠지다3. 오들오들 떨다 - 추위나 공포로 인해 몸을 떨다 또는 빠르게 움직이다.,0
ko_quiz_7,134,kullm12.8b,"'들무새'의 뜻으로 알맞은 것은? '뒷바라지에 쓰는 물건 '이면 1, '여러 가지 땔나무 '이면 2, '머리를 매만진 모양새 '이면 3라고 대답해.","3번은 ""머리를 매만지다""라는 뜻으로, 머리를 다듬거나 모양을 내거나 외모를 가꾸는 것을 말하기 때문에 ""뒷바라지""와는 의미가 일치하지 않습니다. 1번은 ""앞길을 내다"" 또는 ""앞길을 내다보는 것""을 의미합니다.",0
ko_quiz_7,135,kullm12.8b,"'웅숭깊다'의 뜻으로 알맞은 것은? '생각이나 뜻이 크고 넓다 '이면 1, '크고 넓다 '이면 2, '마음이나 정신 상태 따위가 바르고 곧다 '이면 3라고 대답해.",'웅숭깊다'의 뜻을 가장 정확하게 표현하는 단어는 3번입니다. '마음이나 정신 상태 따위가 바르고 곧다'는 뜻입니다.,0
ko_quiz_7,136,kullm12.8b,"'능놀다'의 뜻으로 알맞은 것은? '쉬어 가며 일을 천천히 하다 '이면 1, '버릇없이 함부로 놀거나 행동하다 '이면 2, '새나 나비 따위가 오르락내리락하며 날다 '이면 3라고 대답해.","정답은 2입니다, 1. 행동이나 태도가 무례하거나 예의가 없는 상태. 2. 버릇없이 함부로 놀거나 행동하다. 3. 새나 나비 따위가 오르락내리락하며 날다.",0
ko_quiz_7,138,kullm12.8b,"'두럭'의 뜻으로 알맞은 것은? '여러 집이 한데 모여 이루어진 집단 '이면 1, '이러니저러니 불평을 하거나 덧붙이는 말 '이면 2, '물을 많이 담아 두고 쓰는 큰 가마나 독 '이면 3라고 대답해.",1. 집합 2. 물에 많은 양을 저장하다 3. 큰 물통에 담긴 많은 양의 물  번역:1. 집합: 여러 집이 모인 집단2. 여러 집이 모인 집단: 여러 가족이 한데 모여 만든 집단3. 많은 물을 저장하는 큰 물통에 담긴 물: 많은 물을 저장하는 큰 물통,0
ko_quiz_7,139,kullm12.8b,"'안틀다'의 뜻으로 알맞은 것은? '일정한 수효나 값의 한도 안에 들다 '이면 1, '가득 차서 밖으로 흘러나오거나 밀려나다 '이면 2, '억지로 들이밀어 넣어 통하지 못하게 하다 '이면 3라고 대답해.","clear는 ""가득 차서 밖으로 흘러나오거나 밀려나다""의 의미로 3번 옵션이 정답입니다.",0
ko_quiz_7,140,kullm12.8b,"'말뚝잠'의 뜻으로 알맞은 것은? '꼿꼿이 앉은 채로 자는 잠 '이면 1, '아침에 늦게까지 자는 잠 '이면 2, '마음을 놓고 편안히 자는 잠 '이면 3라고 대답해.","3번은 ""마음을 놓고 편안히 잠을 자다""라는 뜻이므로 ""말뚝잠""에 가장 적합한 의미입니다.",0
ko_quiz_7,141,kullm12.8b,"'제잡이'의 뜻으로 알맞은 것은? '스스로 자기 자신을 망치는 일 '이면 1, '어떤 일의 방향을 잡는 일 '이면 2, '길을 인도해 주는 사람 '이면 3라고 대답해.",1. '이끄는 사람'2. '방향을 잡는 사람' 3. '인도하는 사람' 3. '길을 인도하는 사람',0
ko_quiz_7,142,kullm12.8b,"자꾸 주춤거리는 모양을(를) 뜻하는 우리말은? '얼쯤얼쯤 '이면 1, '조촘조촘 '이면 2, '주춤서기 '이면 3라고 대답해.",* 주춤거리다: 우물쭈물하거나 우물쭈물하는 모양을 나타냅니다.* 조촘조촘: 조금 걷거나 움직이다.* 주춤서기: 긴장하거나 주저하는 모양을 나타냅니다.* 얼쯤얼쯤: 망설이거나 우물쭈물하는 모양을 나타냅니다.,0
ko_quiz_7,143,kullm12.8b,"'강다짐'의 뜻으로 알맞은 것은? '보수도 주지 아니하고 억지로 부림 '이면 1, '속뜻 없이 겉으로만 보이는 행동 '이면 2, '어떤 일을 빨리 끝내려고 무리하게 함 '이면 3라고 대답해.","정답은 3입니다. '강다짐'은 ""억지로 일을 마친다""는 뜻의 순 우리말입니다.",0
ko_quiz_7,144,kullm12.8b,"'다잡이'의 뜻으로 알맞은 것은? '늦추어진 것을 바짝 잡아 죄는 일 '이면 1, '서로 머리나 멱살을 움켜잡고 싸우는 짓 '이면 2, '스스로 자기 자신을 망치는 일 '이면 3라고 대답해.",제공된 정보만으로는 '다잡다'의 정확한 의미를 파악하기 어렵습니다. 추가적인 맥락이나 정보를 제공해 주시면 보다 정확한 답변을 드릴 수 있습니다.,0
ko_quiz_7,147,kullm12.8b,"'에움길'의 뜻으로 알맞은 것은? '굽은 길 '이면 1, '좁은 길 '이면 2, '곧은 길 '이면 3라고 대답해.",'에움길'의 뜻은 3입니다.,0
ko_quiz_7,149,kullm12.8b,"세차게 부는 바람의 기운을(를) 뜻하는 우리말은? '바람살 '이면 1, '바람결 '이면 2, '바람목 '이면 3라고 대답해.",바람의 기운을 뜻하는 우리말은 '바람결'입니다.,0
ko_quiz_7,150,kullm12.8b,"세차게 치다을(를) 뜻하는 우리말은? '까세다 '이면 1, '걱세다 '이면 2, '꺽세다 '이면 3라고 대답해.",까세다 - 세차게 치다 거세다 - 세게 부딪히다 꺽세다 - 세게 부딪치다,0
ko_quiz_7,151,kullm12.8b,"어린 꽃봉오리가 꽃을 피우기 위해 망울이 생기다을(를) 뜻하는 우리말은? '벙글다 '이면 1, '옹글다 '이면 2, '궁글다 '이면 3라고 대답해.",1. 꽃망울이 생기다: 꽃망울은 꽃을 피우기 위해 준비가 되었다는 뜻입니다.2. 옹글다: 열매가 단단하고 충실하다 또는 알이 단단하고 충실하다는 뜻입니다.3. 궁글다: 열매가 둥글고 둥글다는 뜻입니다.,0
ko_quiz_7,153,kullm12.8b,"'주전부리'의 뜻으로 알맞은 것은? '맛이나 재미, 심심풀이로 먹는 음식 '이면 1, '음식을 많이 먹지 못하는 사람 '이면 2, '베어 낸 통나무의 위쪽 끄트머리 부분 '이면 3라고 대답해.","정답은 3입니다. ""간식""은 ""간식""과 같은 의미로 사용됩니다.",0
ko_quiz_7,155,kullm12.8b,"'앙세다'의 뜻으로 알맞은 것은? '몸은 약하여 보여도 힘이 세고 다부지다 '이면 1, '성질이 굳고 무뚝뚝하다 '이면 2, '가볍고 조심성 없이 행동하다 '이면 3라고 대답해.","정답은 3번 ""가볍고 조심성 없이 행동하다""입니다.",0
ko_quiz_7,156,kullm12.8b,"'모둠꽃밭'의 뜻으로 알맞은 것은? '정원 한옆에 둥글거나 모지게 만든 꽃밭 '이면 1, '다양한 꽃들이 피도록 볼록하게 만든 꽃밭 '이면 2, '경계선을 따라 좁고 길게 만든 꽃밭 '이면 3라고 대답해.","3번입니다. ""모둠꽃밭""이라는 용어는 꽃밭을 둥글거나 볼록하게 만들거나 꽃밭을 따라 경계선을 만들어 다양한 꽃이 피도록 한 것을 의미합니다.",0
ko_quiz_7,157,kullm12.8b,"'잡도리'의 뜻으로 알맞은 것은? '단단히 준비하거나 대책을 세움 '이면 1, '빈틈없이 아주 여무진 사람 '이면 2, '벼 논의 마지막 김매기 '이면 3라고 대답해.","3. 잡도리의 뜻은 ""빈틈없이 아주 여무진 사람""입니다.",0
ko_quiz_7,158,kullm12.8b,"장래성이 없거나 장래의 불행을 뜻하게 된 말마디을(를) 뜻하는 우리말은? '앞짧은소리 '이면 1, '갈꺾는소리 '이면 2, '뚱딴짓소리 '이면 3라고 대답해.",1. 앞짧은소리: 1 2. 갈꺾는소리: 2 3. 뚱딴지같은 소리: 3,0
ko_quiz_7,160,kullm12.8b,"'억실억실'의 뜻으로 알맞은 것은? '생김새가 선이 굵고 시원시원한 모양 '이면 1, '솜씨나 재간이 매우 정교하고 세밀한 모양 '이면 2, '살결이 매끄럽지 않고 까칠하거나 빳빳한 모양 '이면 3라고 대답해.",1. 선이 굵고 시원시원한 모양.2. 솜씨나 재능이 매우 정교하고 세밀한 모양.3. 피부가 매끄럽지 않고 까칠하고 뻣뻣한 모양.,0
ko_quiz_7,161,kullm12.8b,"요한 일에 곁달린 그리 대수롭지 않은 일 "" ""잔가지나 줄거리의 토막으로 된 땔나무 "" ""볏단을 십자형으로 더미를 지어 쌓은 볏가리 "" 중 '여줄까리'의 뜻으로 알맞은 것은? '중요한 일에 곁달린 그리 대수롭지 않은 일 '이면 1, '잔가지나 줄거리의 토막으로 된 땔나무 '이면 2, '볏단을 십자형으로 더미를 지어 쌓은 볏가리 '이면 3라고 대답해.","3번이 정답입니다. ""여까리""는 ""중요한 일에 곁달린 사소한 일"" 또는 ""중요한 일에 부수적으로 따라오는 작은 일""을 의미합니다. 이 단어는 벼를 세로로 쌓아 올린 더미를 의미하는 일본어입니다.",0
ko_quiz_7,162,kullm12.8b,"일정한 수효나 값의 한도 안에 들다을(를) 뜻하는 우리말은? '안틀다 '이면 1, '배틀다 '이면 2, '외틀다 '이면 3라고 대답해.","""일정한 수효나 값 안에 들다""는 우리말로 ""일정한 수효나 값 안에 포함되다"" 또는 ""일정한 수효나 값 안에 들다""로 번역할 수 있습니다.",0
ko_quiz_7,163,kullm12.8b,"한쪽으로 틀다을(를) 뜻하는 우리말은? '외틀다 '이면 1, '배틀다 '이면 2, '안틀다 '이면 3라고 대답해.","타동사 1: 외틀다 (동사) - 뜻이 다른 쪽으로 움직이거나 구부러지게 하다.  타동사 2: 배틀다 (동사) - 동사 원형 ""to battle""과 같은 뜻으로, 싸움을 벌이다.  타동사 3: 안틀다 (동사) - 뜻이 다른 쪽으로 움직이지 않거나 구부러지지 않다.",0
ko_quiz_7,165,kullm12.8b,"'결결이'의 뜻으로 알맞은 것은? '어떤 일이 일어나는 그때마다 '이면 1, '눈에 보이는 곳곳마다 '이면 2, '짬이 나는 대로 그때 그때 '이면 3라고 대답해.","정답은 다음과 같습니다: ""눈에 보이는 곳곳마다""입니다:이 표현은 특히 눈에 잘 띄거나 보인다는 의미로, 어떤 것이 일어나거나 존재하는 곳에 따라 그 존재나 동작이 결정됨을 나타냅니다.",0
ko_quiz_7,166,kullm12.8b,"여럿 가운데서 가장 좋은 물건이나 사람을(를) 뜻하는 우리말은? '머드러기 '이면 1, '꺼끄러기 '이면 2, '지스러기 '이면 3라고 대답해.",여럿 중에서 가장 좋은 것을 가리키는 우리말은 '머드러기'입니다.,0
ko_quiz_7,167,kullm12.8b,"'헤살'의 뜻으로 알맞은 것은? '일을 짓궂게 훼방함 '이면 1, '넓은 마음으로 너그럽게 용서함 '이면 2, '표정, 웃음소리 따위가 맑고 깨끗함 '이면 3라고 대답해.",3번이 정답입니다.,0
ko_quiz_7,169,kullm12.8b,"빠르고 가볍게 춤추듯이 잇따라 흔들리다을(를) 뜻하는 우리말은? '아늘거리다 '이면 1, '오들거리다 '이면 2, '옴실거리다 '이면 3라고 대답해.","""빠르고 가볍게""를 의미하는 단어는 ""아늘거리다""이고, ""오들거리다""를 의미하는 단어는 ""오들거리다""이며, ""옴실거리다""를 의미하는 단어는 ""옴실거리다""입니다. ""아늘거리다""의 의미는 빠르고 가볍다는 것입니다.",0
ko_quiz_7,170,kullm12.8b,"지나치게 많이 먹다을(를) 뜻하는 우리말은? '짓먹다 '이면 1, '얼러먹다 '이면 2, '질러먹다 '이면 3라고 대답해.","""지나치게 많이 먹다""를 의미하는 우리말은 ""과식""입니다. ""지나다""는 ""지나치게 먹다""라는 의미이고, ""얼러먹다""는 ""얼이다""라는 뜻이며, ""지르다""는 ""지나다""라는 뜻입니다.",0
ko_quiz_7,171,kullm12.8b,"'아금받다'의 뜻으로 알맞은 것은? '야무지고 다부지다 '이면 1, '남을 억지로 자기에게 복종시키다 '이면 2, '탐탁하고 살뜰한 데가 있다 '이면 3라고 대답해.","1번 옵션은 ""아금받다""의 뜻이며 ""야무지고 다부지다""로 번역될 수 있습니다.2번 옵션은 ""남을 억지로 자신에게 복종시키다""로 번역될 수 있습니다.3번 옵션은 ""탐탁하고 살뜰하다""로 번역될 수 있습니다.",0
ko_quiz_7,173,kullm12.8b,"스스로 자기 자신을 망치는 일을(를) 뜻하는 우리말은? '제잡이 '이면 1, '새잡이 '이면 2, '말잡이 '이면 3라고 대답해.",1. 제잡이 - 스스로 제 자신을 망치는 행위2. 새잡이 - 올바른 목적이나 방법이 없는 일을 하는 행위3. 말잡이 - 말이나 행동으로 다른 사람에게 피해를 주는 행위,0
ko_quiz_7,175,kullm12.8b,"깊이 들지 못하고 자꾸 놀라 깨는 잠을(를) 뜻하는 우리말은? '노루잠 '이면 1, '도둑잠 '이면 2, '귀잠 '이면 3라고 대답해.","노루잠: 1, 도둑잠: 2, 귀잠: 3",0
ko_quiz_7,177,kullm12.8b,"'뒤놀다'의 뜻으로 알맞은 것은? '한 곳에 붙어 있지 않고 이리저리 몹시 흔들리다 '이면 1, '쉬어 가며 일을 천천히 하다 '이면 2, '다른 것과 서로 잘 어울리지 못하고 따로 놀다 '이면 3라고 대답해.",정답은 다음과 같습니다: 1. 매우 흔들려 2. 천천히 일하다 3. 어울리지 못하고 따로 놀다,0
ko_quiz_7,178,kullm12.8b,"큰 나무의 밑동을(를) 뜻하는 우리말은? '둥치 '이면 1, '간치 '이면 2, '소치 '이면 3라고 대답해.","나무의 밑동을 뜻하는 우리말은 다음과 같습니다: 1. 둥치, 2. 간치, 3. 소치.",0
ko_quiz_7,180,kullm12.8b,"'겯고틀다'의 뜻으로 알맞은 것은? '서로 지지 않으려고 버티어 겨루다 '이면 1, '어그러지도록 밀어젖히면서 틀다 '이면 2, '서로 옳으니 그르니 하며 다투다 '이면 3라고 대답해.","문장에서 ""서로 지지 않으려고 버티어 겨루다""라는 뜻으로 쓰인 것은 2번 문장입니다.",0
ko_quiz_7,181,kullm12.8b,"반대쪽으로 틀다을(를) 뜻하는 우리말은? '되틀다 '이면 1, '배틀다 '이면 2, '외틀다 '이면 3라고 대답해.",반대 방향으로 돌리는 것을 의미하는 우리말은 3입니다.,0
ko_quiz_7,182,kullm12.8b,"맛이나 재미, 심심풀이로 먹는 음식을(를) 뜻하는 우리말은? '주전부리 '이면 1, '고삭부리 '이면 2, '끝동부리 '이면 3라고 대답해.",1. 주전부리 2. 고삭부리 3. 끝동부리,0
ko_quiz_7,188,kullm12.8b,"나무의 꼭대기 줄기을(를) 뜻하는 우리말은? '우듬지 '이면 1, '목거리 '이면 2, '나무걸 '이면 3라고 대답해.",나무의 꼭대기 줄기를 뜻하는 우리말은 '우듬지'입니다.,0
ko_quiz_7,189,kullm12.8b,"생김새나 행동이 사랑을 느낄 정도로 귀엽다을(를) 뜻하는 우리말은? '사랑옵다 '이면 1, '사랑겨이 '이면 2, '가없다 '이면 3라고 대답해.",1. 사랑옵다 (사랑옵다)2. 사랑겨이 (사랑겨이)3. 가없다 (가없다),0
ko_quiz_7,190,kullm12.8b,"잘못을 빌어야 할 사람이 도리어 남을 나무람을(를) 뜻하는 우리말은? '되술래잡다 '이면 1, '생사람잡다 '이면 2, '남의달잡다 '이면 3라고 대답해.","1. ""되술래잡다""는 잘못을 저지른 사람이 남에게 책임을 전가하는 것을 의미합니다.2. ""생사람잡다""는 실제로는 잘못이 없는 사람을 죄인으로 모는 것을 의미합니다.3. ""남의달잡다""는 다른 사람이 잘못했음에도 불구하고 책임을 지거나 비난을 받는 것을 의미합니다.",0
ko_quiz_7,191,kullm12.8b,"'유들지다'의 뜻으로 알맞은 것은? '윤이 나고 부드럽고 살지다 '이면 1, '크고 뚜렷한 것들이 두드러지다 '이면 2, '몸은 작아도 힘차고 다부지다 '이면 3라고 대답해.","정답은 3번이며, ""유들지다""는 ""몸은 작아도 힘차고 다부지다""를 의미합니다.",0
ko_quiz_7,192,kullm12.8b,"'드레지다'의 뜻으로 알맞은 것은? '사람의 됨됨이가 가볍지 않고 점잖아서 무게가 있다 '이면 1, '행동이나 말이 가볍고 조심성 없는 데가 있다 '이면 2, '융통성이 없이 올곧고 고집이 세다 '이면 3라고 대답해.","정답은 3입니다. ""품위가 있다""는 표현은 가볍거나 경솔하지 않고 신중하고 조심스럽다는 의미입니다. 따라서 정답은 3번입니다.",0
ko_quiz_7,194,kullm12.8b,"힘 따위를 내세워 젠체하고 억지를 씀을(를) 뜻하는 우리말은? '떠세 '이면 1, '개세 '이면 2, '차세 '이면 3라고 대답해.","힘이나 권력을 사용하여 젠체하거나 자신의 힘을 과시하는 것을 '떠세'라고 합니다. ""너 힘세? 나 힘세!"" 또는 ""그는 큰 목소리로 ""나 힘세!""라고 말했다.""와 같은 문장에서 볼 수 있습니다.",0
ko_quiz_7,195,kullm12.8b,"마음씨가 너그럽고 미덥다을(를) 뜻하는 우리말은? '슬겁다 '이면 1, '선겁다 '이면 2, '불겁다 '이면 3라고 대답해.","""마음씨가 너그럽고 신뢰할 수 있다""는 표현은 다음과 같이 다양한 의미를 가질 수 있습니다:1. ""마음씨가 너그럽고 신뢰할 수 있다""는 뜻으로, 일반적으로 친절하고 신뢰할 수 있다는 의미입니다.2. ""마음이 선하고 신뢰할 수 있다""는 뜻으로, 일반적으로 선량하고 신뢰할 수 있다는 의미입니다.3. ""마음이 약하고 신뢰할 수 있다""는 뜻으로, 일반적으로 신뢰할 수 있고 믿을 수 있다는 의미입니다.4. ""마음이 조밀하고 신뢰할 수 있다""는 뜻으로, 일반적으로 조밀하고 신뢰할 수 있다는 의미입니다.따라서 정답은 1번입니다.",0
ko_quiz_7,197,kullm12.8b,"꽃과 함께 떨어진 어린 감을(를) 뜻하는 우리말은? '감또개 '이면 1, '감단송 '이면 2, '감접이 '이면 3라고 대답해.",'감또개'는 꽃과 함께 떨어진 작은 감을 의미합니다. '감단송'은 꽃과 함께 떨어진 작은 감을 의미합니다. '감접이'는 꽃과 함께 떨어진 작은 감을 의미합니다.,0
ko_quiz_7,198,kullm12.8b,"'사랑옵다'의 뜻으로 알맞은 것은? '생김새나 행동이 사랑을 느낄 정도로 귀엽다 '이면 1, '마음이나 몸가짐 따위가 맵시 있고 곱다 '이면 2, '이성을 사랑하여 간절히 그리워하다 '이면 3라고 대답해.",1. 사랑스럽다 2. 사랑스럽다 3. 사랑스럽다,0
ko_quiz_7,199,kullm12.8b,"'글마루'의 뜻으로 알맞은 것은? '글에서 본문에 해당하는 부분 '이면 1, '글을 시작하는 첫 번째 글자 '이면 2, '꽃으로 글을 장식한 것 '이면 3라고 대답해.",2. 글에서 본문에 해당하는 부분.,0
ko_quiz_7,200,kullm12.8b,"'철겹다'의 뜻으로 알맞은 것은? '제철에 뒤져 맞지 아니하다 '이면 1, '사상이나 의지가 동요됨이 없이 확고하다 '이면 2, '사리를 분별할 만한 지각이 없다 '이면 3라고 대답해.",정답은 3번입니다. '철겹다'는 '사리를 분별할 만한 지각이 없다'는 뜻입니다.,0
ko_quiz_7,201,kullm12.8b,"글을 잘 이해하는 지혜를 이르는 말을(를) 뜻하는 우리말은? '글구멍 '이면 1, '글머리 '이면 2, '글겅이 '이면 3라고 대답해.","""글구멍""이라는 단어는 글을 잘 이해하는 지혜를 이르는 말입니다.",0
ko_quiz_7,204,kullm12.8b,"정원 한옆에 둥글거나 모지게 만든 꽃밭을(를) 뜻하는 우리말은? '모둠꽃밭 '이면 1, '살피꽃밭 '이면 2, '올림꽃밭 '이면 3라고 대답해.",각 질문에 대한 정답은 다음과 같습니다:1. 모둠 꽃밭 - 1번2. 섬세한 꽃밭 - 2번3. 올림 꽃밭 - 3번정답을 맞히셨기를 바랍니다! 나머지 질문에 대한 정답은 다음과 같습니다:1. 꽃밭 가장자리 한 쪽 - 1번2. 섬세한 꽃밭 - 2번3. 꽃밭의 모서리 - 3번정답을 맞히셨기를 바랍니다! 나머지 질문에 대한 정답은 다음과 같습니다:1. 꽃밭 가장자리 한 쪽 - 1번2. 섬세한 꽃밭 - 2번3. 꽃밭의 모서리 - 3번정답을 맞히셨기를 바랍니다.,0
ko_quiz_7,205,kullm12.8b,"'도르리'의 뜻으로 알맞은 것은? '여러 사람이 음식을 차례로 돌려 가며 내어 함께 먹음 '이면 1, '대를 얇게 깎고, 한가운데에 대오리로 자루를 박은 장난감 '이면 2, '바닥이 팬 자리에서 물이 빙빙 돌면서 흐르는 현상 '이면 3라고 대답해.",1. 방사형 2. 대오리 장난감 3. 원반형,0
ko_quiz_7,206,kullm12.8b,"단단히 준비하거나 대책을 세움을(를) 뜻하는 우리말은? '잡도리 '이면 1, '모도리 '이면 2, '반도리 '이면 3라고 대답해.",단단히 준비하거나 대책을 세우다'를 의미하는 말은 다음과 같습니다:1. '단도리하다'2. '모도리하다'3. '반도리하다'입니다.,0
ko_quiz_7,207,kullm12.8b,"'마중물'의 뜻으로 알맞은 것은? '물을 끌어 올리기 위하여 위에서 붓는 물 '이면 1, '여러 차례 난 홍수에서 뒤에 일어난 물 '이면 2, '매달 물장수에게 값을 치르고 사는 물 '이면 3라고 대답해.",1. 마중물: 물을 끌어 올리기 위해 위에서 붓는 물 2. 마중물: 여러 차례 난 홍수 후 뒤에 오는 물 3. 마중물: 매달 물장수에게 값을 치르고 사는 물,0
ko_quiz_7,208,kullm12.8b,"물체의 삐죽하게 내민 부분을(를) 뜻하는 우리말은? '뿌다구니 '이면 1, '멀떠구니 '이면 2, '치룽구니 '이면 3라고 대답해.","물체의 삐죽하게 내민 부분을 뜻하는 우리말은 ""삐죽하다""입니다.",0
ko_quiz_7,209,kullm12.8b,"'곁땀'의 뜻으로 알맞은 것은? '겨드랑이에서 나는 땀 '이면 1, '바느질을 하기 전에 미리 표시한 부분 '이면 2, '일을 이룰 때 함께 한 수고 '이면 3라고 대답해.",알맞은 답은 2번입니다. '바느질을 하기 전에 미리 표시한 부분'은 '땀'의 의미를 구체화하지 않습니다.,0
ko_quiz_7,210,kullm12.8b,"'나비물'의 뜻으로 알맞은 것은? '옆으로 쫙 퍼지게 끼얹는 물 '이면 1, '골짜기에서 흐르는 물 '이면 2, '물결이 지나간 뒤에 출렁이는 물 '이면 3라고 대답해.","2번 옵션이 정답입니다. ""골짜기에서 흐르는 물""이라는 뜻은 ""큰 파도나 물보라를 일으키며 빠르게 흘러가는 물""을 의미합니다.",0
ko_quiz_7,212,kullm12.8b,"물건 따위를 겹쳐 놓는 모양을(를) 뜻하는 우리말은? '포갬포갬 '이면 1, '포호함포 '이면 2, '겹친이음 '이면 3라고 대답해.",포갬포갬: 1 포호함포: 2 겹친이음: 3,0
ko_quiz_7,213,kullm12.8b,"글에서 본문에 해당하는 부분을(를) 뜻하는 우리말은? '글마루 '이면 1, '글구멍 '이면 2, '글마디 '이면 3라고 대답해.","""글루"" 또는 ""글루홀""은 본문을 나타냅니다.",0
ko_quiz_7,214,kullm12.8b,"부러워하며 시샘하여 탐내는 마음을(를) 뜻하는 우리말은? '게염 '이면 1, '어염 '이면 2, '부염 '이면 3라고 대답해.",우리말로 번역하면 다음과 같습니다:* 1. 부러워하며 시샘하다* 2. 부러워하며 시샘하다* 3. 부러워하며 시샘하다,0
ko_quiz_7,215,kullm12.8b,"요한 내용 "" ""너저분한 털을 다듬어 깨끗하게 만든 토란 "" ""겉보다는 실속이 있는 부자 "" 중 '알짬'의 뜻으로 알맞은 것은? '여럿 가운데에 가장 중요한 내용 '이면 1, '너저분한 털을 다듬어 깨끗하게 만든 토란 '이면 2, '겉보다는 실속이 있는 부자 '이면 3라고 대답해.","""알짬""의 뜻을 맞혀보세요:1. 알곡2. 알부자3. 속알4. 알낫5. 알옷6. 알피7. 알-내8. 알쑥9. 알뚝10. 알좃",0
ko_quiz_7,216,kullm12.8b,"조금도 틀림이 없다을(를) 뜻하는 우리말은? '얼없다 '이면 1, '가없다 '이면 2, '낯없다 '이면 3라고 대답해.",1. 얼없다 (없다) 2. 가없다 (없다) 3. 낯없다 (없다),0
ko_quiz_7,217,kullm12.8b,"꼿꼿이 앉은 채로 자는 잠을(를) 뜻하는 우리말은? '말뚝잠 '이면 1, '귀잠 '이면 2, '발편잠 '이면 3라고 대답해.","""말뚝잠""은 자는 자세를 의미합니다. ""귀잠""은 잠들기 전의 ""비몽사몽""한 상태를 의미합니다. ""발편잠""은 편안한 상태를 의미합니다.",0
ko_quiz_7,219,kullm12.8b,"남다른 재능을 지닌 사람을(를) 뜻하는 우리말은? '슬기주머니 '이면 1, '두루주머니 '이면 2, '토리주머니 '이면 3라고 대답해.","재능 있는 사람을 나타내는 우리말에는 ""슬기주머니""와 ""두루주머니""가 있습니다.",0
ko_quiz_7,220,kullm12.8b,"높이 우뚝 솟은 모양을(를) 뜻하는 우리말은? '소소리 '이면 1, '오드드 '이면 2, '야르르 '이면 3라고 대답해.",​,0
ko_quiz_7,222,kullm12.8b,"'다붓이'의 뜻으로 알맞은 것은? '붙어 있는 정도가 매우 가깝게 '이면 1, '벅찬 일을 견디어 낼 만큼 굳세고 야무지게 '이면 2, '홀가분하면서 아늑하고 정답게 '이면 3라고 대답해.",1. 붙어 있는 정도가 매우 가깝게2. 할 일이 많은 것을 견딜 만큼 굳세고 야무지게3. 홀가분하면서도 아늑하고 정답게,0
ko_quiz_7,223,kullm12.8b,"일을 대강대강 하는 모양을(를) 뜻하는 우리말은? '거춤거춤 '이면 1, '감침시침 '이면 2, '가칠가칠 '이면 3라고 대답해.","""일을 대충 처리하다""라는 관용구는 ""부시시하다""입니다.",0
ko_quiz_7,224,kullm12.8b,"몹시 지친 상태에 있다을(를) 뜻하는 우리말은? '맛문하다 '이면 1, '맛바르다 '이면 2, '맛부리다 '이면 3라고 대답해.",'몹시 지치다'의 우리말은 '몹시 지치다'입니다.,0
ko_quiz_7,225,kullm12.8b,"크고 뚜렷한 것들이 두드러지다을(를) 뜻하는 우리말은? '울멍지다 '이면 1, '오라지다 '이면 2, '옹골지다 '이면 3라고 대답해.",설명한 단어를 사용하여 문장을 완성할 수 있습니다. 다음은 몇 가지 옵션입니다:1. 크고 뚜렷한 것이 두드러집니다.2. 크고 뚜렷한 것이 두드러지게 보입니다.3. 크고 뚜렷한 것이 두드러지게 보입니다.4. 크고 뚜렷한 것이 두드러지게 보입니다.5. 크고 뚜렷한 것이 두드러지게 보입니다.6. 크고 뚜렷한 것이 두드러집니다.7. 크고 뚜렷한 것이 두드러져 보입니다.8. 크고 뚜렷한 것이 두드러지게 보입니다.9. 크고 뚜렷한 것이 두드러져 보입니다.10. 크고 뚜렷한 것이 두드러져 보입니다.이 옵션 중에서 선택하여 문장을 완성하세요.,0
ko_quiz_7,226,kullm12.8b,"중요한 일에 곁달린 그리 대수롭지 않은 일을(를) 뜻하는 우리말은? '여줄가리 '이면 1, '꺽지가리 '이면 2, '마들가리 '이면 3라고 대답해.","우리말에는 ""여줄가리""와 ""꺽지가리""가 있습니다. 이 두 가지는 모두 중요하지 않은 일이나 방해되는 일을 의미합니다.",0
ko_quiz_7,227,kullm12.8b,"'모꼬지'의 뜻으로 알맞은 것은? '놀이 등의 일로 여러 사람이 모이는 일 '이면 1, '예식이 끝난 뒤에 필요에 따라 다시 가지는 모임 '이면 2, '많은 사람들이 들에서 가지는 모임 '이면 3라고 대답해.",1. 야유회 2. 회합 3. 축제,0
ko_quiz_7,228,kullm12.8b,"남쪽에서 부는 바람을 이르는 말을(를) 뜻하는 우리말은? '마파람 '이면 1, '샛바람 '이면 2, '하늬바람 '이면 3라고 대답해.",1. 마파람 (남쪽에서 부는 바람) 2. 샛바람 (동쪽에서 부는 바람) 3. 하늬바람 (서남쪽에서 부는 바람),0
ko_quiz_7,230,kullm12.8b,"옷을 입은 채 아무 데나 쓰러져 자는 잠을(를) 뜻하는 우리말은? '등걸잠 '이면 1, '돌꼇잠 '이면 2, '두벌잠 '이면 3라고 대답해.","등걸잠: 1, 돌꼇잠: 2, 두벌잠: 3",0
ko_quiz_7,232,kullm12.8b,"어떤 일이 일어나는 그때마다을(를) 뜻하는 우리말은? '결결이 '이면 1, '곳곳이 '이면 2, '짬짬이 '이면 3라고 대답해.","""때때로""를 의미하는 우리말은 ""간간이""입니다. ""곳곳이""를 의미하는 우리말은 ""도처에"" 또는 ""여기저기에""입니다. ""짬짬이""를 의미하는 우리말은 ""자주""입니다.",0
ko_quiz_7,233,kullm12.8b,"'트레바리'의 뜻으로 알맞은 것은? '남의 말에 반대하기를 좋아함 '이면 1, '불평을 하거나 말썽을 부릴 만한 흠 '이면 2, '옳고 그름을 따지는 말다툼 '이면 3라고 대답해.",1. 불평 또는 남의 말에 반대하다2. 흠을 찾다3. 논쟁을 하다,0
ko_quiz_7,235,kullm12.8b,"나무의 가지가 없는 줄기을(를) 뜻하는 우리말은? '마들가리 '이면 1, '어리가리 '이면 2, '여줄가리 '이면 3라고 대답해.","마들가리: 줄기가 없는 나무 가지, 어리가리: 줄기가 있지만 가지가 없는 나무 가지, 여줄가리: 줄기는 있지만 가지가 없는 나무 가지.",0
ko_quiz_7,236,kullm12.8b,"잘못 들은 것이 아닌가 하고 귀를 기울이다을(를) 뜻하는 우리말은? '귀재다 '이면 1, '귀솟음 '이면 2, '귀울음 '이면 3라고 대답해.","혼란을 드려 죄송합니다. 2번째 옵션은 ""귀솟음""이 아니라 ""귀울음""입니다.1. 귀솟음은 특정 방향으로 기울거나 구부러지는 것을 의미합니다.2. 귀솟음은 귀의 안쪽이 바깥으로 구부러지는 것을 의미합니다.3. 귀솟음은 일반적으로 고개를 들 때 발생하는 것으로, 몸을 앞으로 기울이거나 또는 반쯤 뒤로 젖힐 때 발생합니다.",0
ko_quiz_7,237,kullm12.8b,"'샘바리'의 뜻으로 알맞은 것은? '샘이 많아서 안달하는 사람 '이면 1, '샘물을 받아주는 사람 '이면 2, '심부름을 대신 하는 사람 '이면 3라고 대답해.",3번 옵션이 샘바리의 뜻으로 적절합니다.,0
ko_quiz_7,238,kullm12.8b,"미리 만들어 가게에 내놓고 파는 물건을(를) 뜻하는 우리말은? '가게내기 '이면 1, '직판내기 '이면 2, '수월내기 '이면 3라고 대답해.","가게에서 판매되는 물건을 뜻하는 우리말은 ""직판"" 또는 ""직판""입니다.",0
ko_quiz_7,241,kullm12.8b,"남의 말에 반대하기를 좋아함을(를) 뜻하는 우리말은? '트레바리 '이면 1, '터럭바리 '이면 2, '가부편 '이면 3라고 대답해.","o, ""남의 말에 반대하기를 좋아한다""는 말은 그 사람의 의견에 동의하지 않고 반대한다는 뜻일 가능성이 높습니다. 이러한 태도는 토론의 한 방법이 될 수 있지만, 다른 사람의 의견에 대한 존중이나 관심이 부족한 것으로 보일 수도 있습니다.",0
ko_quiz_7,242,kullm12.8b,"'짜금거리다'의 뜻으로 알맞은 것은? '입맛을 자꾸 짝짝 다시며 맛있게 먹다 '이면 1, '고개를 앞뒤로 천천히 끄덕거리다 '이면 2, '음식을 먹을 때 잔모래 따위가 거볍게 씹히다 '이면 3라고 대답해.","3번 문항의 정답은 ""그는 음식을 먹을 때 잔모래가 씹혔다""입니다.",0
ko_quiz_7,244,kullm12.8b,"길이 여러 갈래로 통한 곳을(를) 뜻하는 우리말은? '난달 '이면 1, '갓길 '이면 2, '널길 '이면 3라고 대답해.","""길""은 우리말에서 다양한 의미를 갖는 단어입니다. '길'은 사람, 물건 또는 정보가 이동하는 경로를 의미하는 '사람, 사물 또는 정보'를 의미할 수 있습니다. 또한 '통로', '연결', '연결' 등을 의미하는 '연결', '연결', '연결'을 의미할 수도 있습니다. 그러나 ""길""은 도로와 같은 특정 길과 관련된 경우 더 일반적인 의미로 사용됩니다.",0
ko_quiz_7,245,kullm12.8b,"성질이 보기보다 상냥하고 부드럽다을(를) 뜻하는 우리말은? '곰살갑다 '이면 1, '잗달갑다 '이면 2, '예질갑다 '이면 3라고 대답해.","곰살갑다: 1, 잗달갑다: 2, 예질갑다: 3",0
ko_quiz_7,246,kullm12.8b,"뒷바라지에 쓰는 물건을(를) 뜻하는 우리말은? '들무새 '이면 1, '나무새 '이면 2, '매무새 '이면 3라고 대답해.",저는 AI 언어 모델이기 때문에 뒷바라지하는 물건을 지칭하는 우리말은 알지 못합니다. 다른 도움이 필요하신가요?,0
ko_quiz_7,248,kullm12.8b,"입맛을 자꾸 짝짝 다시며 맛있게 먹다을(를) 뜻하는 우리말은? '짜금거리다 '이면 1, '졸랑거리다 '이면 2, '주억거리다 '이면 3라고 대답해.","각 답변이 어떤 상황을 가리키는지 명확히 설명하지 않으셨기 때문에 정확한 답변을 드리기 어렵습니다. 그러나 입맛을 다시거나 입맛을 다시는 것을 묘사하는 데 사용할 수 있는 몇 가지 전통적인 우리말 표현은 다음과 같습니다:1. 짜금거리다 - 음식을 먹고 나서 만족스럽고 기분이 좋을 때, 또는 좋은 것을 보거나 들었을 때 느끼는 감정을 표현하는 데 사용할 수 있습니다.2. 졸랑거리다 - 음식을 먹고 만족하거나 만족하고 있음을 나타냅니다.3. 주억거리다 - 음식을 먹고 만족하거나 만족하고 있음을 나타냅니다.",0
ko_quiz_7,250,kullm12.8b,"'돌꼇잠'의 뜻으로 알맞은 것은? '이리저리 굴러다니면서 자는 잠 '이면 1, '마음을 놓지 못하고 조바심하며 자는 잠 '이면 2, '깊이 들지 못하고 자꾸 놀라 깨는 잠 '이면 3라고 대답해.","2번 항목을 선택합니다. ""마음을 놓지 못하고 조바심하며 자는 잠""이라는 의미를 가집니다.",0
ko_quiz_7,252,kullm12.8b,"'하늬바람'의 뜻으로 알맞은 것은? '서쪽에서 부는 바람 '이면 1, '동쪽에서 부는 바람 '이면 2, '남쪽에서 부는 바람 '이면 3라고 대답해.","바람의 방향은 바람이 어디서 불어와서 어디로 가는지에 따라 결정됩니다. 하늬바람은 바람이 서쪽에서 불고 있고, 불어서 동쪽으로 이동하고 있으며, 남쪽에서 불어온다는 뜻입니다.",0
ko_quiz_7,254,kullm12.8b,"시골 마을의 좁은 골목길을(를) 뜻하는 우리말은? '고샅길 '이면 1, '구름길 '이면 2, '오솔길 '이면 3라고 대답해.","시골 마을의 좁은 골목길을 뜻하는 우리말은 ""오솔길""입니다.",0
ko_quiz_7,255,kullm12.8b,"'된비알'의 뜻으로 알맞은 것은? '몹시 험한 비탈 '이면 1, '길흉화복을 예언하여 적은 기록 '이면 2, '깊이 감추어진 내막의 비밀 '이면 3라고 대답해.",3번을 선택했습니다. 깊은 내막의 비밀을 의미하는 '깊은 비밀'은 일반적으로 누군가의 길흉화복에 대한 점술적인 판단을 의미하지 않으므로 정답입니다.,0
ko_quiz_7,256,kullm12.8b,"'귓결'의 뜻으로 알맞은 것은? '우연하게 듣게 된 겨를 '이면 1, '이야기를 듣고 느끼는 재미 '이면 2, '잠이 어렴풋이 들거나 깬 상태 '이면 3라고 대답해.",'귓결'의 뜻으로 알맞은 것은 3번입니다.,0
ko_quiz_7,258,kullm12.8b,"'술적심'의 뜻으로 알맞은 것은? '국물이 있는 음식을 이르는 말 '이면 1, '쇠고기를 양념에 재었다가 구운 음식 '이면 2, '쇠고기를 대꼬챙이에 꿰어 구운 음식 '이면 3라고 대답해.","정답은 1. 술안주, 2. 양념한 쇠고기 구이, 3. 꼬챙이에 꿴 쇠고기 구이입니다.",0
ko_quiz_7,259,kullm12.8b,"늘어진 모양이 차분하다을(를) 뜻하는 우리말은? '나부룩하다 '이면 1, '시서늘하다 '이면 2, '요러루하다 '이면 3라고 대답해.",1: 나부룩하다2: 시서늘하다3: 요러루하다,0
ko_quiz_7,260,kullm12.8b,"힘주는 맛이나 억짓손이 몹시 세다을(를) 뜻하는 우리말은? '되알지다 '이면 1, '되똑하다 '이면 2, '되울리다 '이면 3라고 대답해.",1. 억세다2. 똑바르다3. 울리다,0
ko_quiz_7,261,kullm12.8b,"몹시 힘에 겨운 일을 이루려고 갖은 애를 쓰는 모양을(를) 뜻하는 우리말은? '애면글면 '이면 1, '아글바글 '이면 2, '애고사리 '이면 3라고 대답해.","""몹시 애를 쓰지만 잘 안 되다""라는 뜻의 우리말은 3번, ""가까스로 어려움을 극복하다""는 뜻의 우리말은 1번입니다.",0
ko_quiz_7,262,kullm12.8b,"'얼쯤얼쯤'의 뜻으로 알맞은 것은? '자꾸 주춤거리는 모양 '이면 1, '어떤 행동이나 걸음 따위를 망설이며 자꾸 머뭇거리는 모양 '이면 2, '얼떨떨한 상태에서 덩달아 하게 되는 상황 '이면 3라고 대답해.","3. ""어설프게 행동하다""는 의미로 3번입니다.",0
ko_quiz_7,263,kullm12.8b,"'모도리'의 뜻으로 알맞은 것은? '빈틈없이 아주 여무진 사람 '이면 1, '건장하고 씩씩한 사내 '이면 2, '만만하게 여길 만큼 평범한 사람 '이면 3라고 대답해.",1. 매우 솜씨가 좋은 2. 힘이 넘치는 3. 만만하게 여길 수 있는,0
ko_quiz_7,264,kullm12.8b,"'보늬'의 뜻으로 알맞은 것은? '밤이나 도토리 따위의 속껍질 '이면 1, '칡덩굴의 속껍질로 만든 굵은 밧줄 '이면 2, '명주실로 짠 피륙의 하나 '이면 3라고 대답해.","2. ""칡덩굴""",0
ko_quiz_7,265,kullm12.8b,"몹시 험한 비탈을(를) 뜻하는 우리말은? '된비알 '이면 1, '돌비알 '이면 2, '엇비탈 '이면 3라고 대답해.",몹시 험한 비탈을 뜻하는 우리말은 '된비알'입니다.,0
ko_quiz_7,266,kullm12.8b,"북쪽에서 부는 바람을 이르는 말을(를) 뜻하는 우리말은? '된바람 '이면 1, '샛바람 '이면 2, '하늬바람 '이면 3라고 대답해.","북쪽에서 부는 바람을 이르는 우리말은 ""된바람""입니다. ""샛바람""은 동풍, ""하늬바람""은 서풍을 의미합니다.",0
ko_quiz_7,268,kullm12.8b,"'거방지다'의 뜻으로 알맞은 것은? '하는 짓이 점잖고 무게가 있다 '이면 1, '잘난 체하거나 남을 낮추어 보듯이 행동하는 데가 있다 '이면 2, '경솔하여 생각 없이 망령되게 행동하다 '이면 3라고 대답해.","정답은 2번, ""잘난 체하거나 남을 낮추어 보듯이 행동하는 데가 있다""입니다.",0
ko_quiz_7,269,kullm12.8b,"대수롭지 아니하게 여겨 건성으로 하는 대답을(를) 뜻하는 우리말은? '코대답 '이면 1, '군대답 '이면 2, '맞대답 '이면 3라고 대답해.",대수롭지 않게 여겨 건성으로 대답하는 것을(를) 가리키는 우리말은 '코대답'입니다.,0
ko_quiz_7,270,kullm12.8b,"'가게내기'의 뜻으로 알맞은 것은? '미리 만들어 가게에 내놓고 파는 물건 '이면 1, '조그맣게 차린 가게 '이면 2, '가게가 죽 늘어서 있는 거리 '이면 3라고 대답해.","가게에서 물건을 진열하여 판매하는 경우 ""가게를 내다""라고 말할 수 있습니다.",0
ko_quiz_7,271,kullm12.8b,"일을 해내는 솜씨나 능력을(를) 뜻하는 우리말은? '제낄손 '이면 1, '손바꿈 '이면 2, '깃달이 '이면 3라고 대답해.","""어떤 것을 능숙하게 다루거나 다루는 솜씨""를 의미하는 우리말은 ""일을 해내는 솜씨나 능력""을 뜻하는 ""일을 해내는 솜씨나 능력""이 될 것입니다. ""어떤 것을 손바꿈하는 솜씨나 능력""을 의미하는 ""어떤 것을 손바꿈하는 솜씨나 능력""이라는 의미의 ""어떤 것을 손바꿈하는 솜씨나 능력""은 틀린 표현입니다.",0
ko_quiz_7,272,kullm12.8b,"'아근바근'의 뜻으로 알맞은 것은? '서로 마음이 맞지 아니하여 사이가 벌어지는 모양 '이면 1, '소리 내어 야단스럽게 부르짖으며 우는 모양 '이면 2, '사람들이 좁은 곳에 모여 매우 붐비는 모양 '이면 3라고 대답해.",3번이 맞습니다.,0
ko_quiz_7,273,kullm12.8b,"어찌어찌하여 연분이 닿는 먼 친척을(를) 뜻하는 우리말은? '결찌 '이면 1, '날찌 '이면 2, '눈찌 '이면 3라고 대답해.",'눈찌'는 결혼이나 친척 관계가 없는 사람과의 관계를 의미하므로 2입니다.,0
ko_quiz_7,274,kullm12.8b,"간 "" ""중견 "" 중 여럿 가운데에 가장 중요한 내용을(를) 뜻하는 우리말은? '알짬 '이면 1, '중간 '이면 2, '중견 '이면 3라고 대답해.","r국어의 문법 구조를 정확하게 파악하지 않고는 그 답을 확신할 수 없습니다. ""알짬""이라는 용어의 의미와 ""중견""이라는 용어의 의미는 문맥에 따라 달라질 수 있습니다. 일반적으로 ""알짬""은 여러 가지 중 가장 중요한 것을 의미하고, ""중견""은 중간 또는 상위 수준을 의미하는 것으로 보입니다.",0
ko_quiz_7,276,kullm12.8b,"'떠세'의 뜻으로 알맞은 것은? '힘 따위를 내세워 젠체하고 억지를 씀 '이면 1, '실속이 없이 겉으로만 드러나 보이는 기세 '이면 2, '위력, 재능 따위가 세상을 뒤덮음 '이면 3라고 대답해.","정답은 3번 ""위력, 재능 따위가 세상을 뒤덮음""입니다.",0
ko_quiz_7,279,kullm12.8b,"싸우려고 으르대며 잔뜩 벼르다을(를) 뜻하는 우리말은? '투그리다 '이면 1, '투덕투덕 '이면 2, '벼랑지다 '이면 3라고 대답해.","'투그리다'는 ""투그리다""의 비표준 표현이며, 다음과 같이 표시됩니다: 1. '투덕투덕'은 일반적으로 ""투덕투덕하다""와 같은 특정 동사를 사용하여 전달할 수 있는 문맥 또는 구어적 표현입니다.",1
ko_quiz_7,280,kullm12.8b,"'등걸잠'의 뜻으로 알맞은 것은? '옷을 입은 채 아무 데나 쓰러져 자는 잠 '이면 1, '이리저리 굴러다니면서 자는 잠 '이면 2, '남의 눈에 띄지 않도록 몰래 자는 잠 '이면 3라고 대답해.","정답은 3번입니다. ""등걸잠을 잔다""는 것은 자신의 집이나 보호받을 수 있는 곳에서 벗어나 아무 데서나 잠을 자는 것을 의미합니다. 등걸잠은 남의 눈에 띄지 않도록 몰래 자는 잠이기도 합니다.",0
ko_quiz_7,281,kullm12.8b,"겸연쩍고 부끄럽다을(를) 뜻하는 우리말은? '열없다 '이면 1, '가없다 '이면 2, '낯없다 '이면 3라고 대답해.",1. 열없다 - 부끄럽고 민망하다2. 가없다 - 너무 멀어서 갈 수 없다3. 낯없다 - 너무 뻔뻔하여 얼굴을 마주할 수 없다,0
ko_quiz_7,282,kullm12.8b,"'설먹다'의 뜻으로 알맞은 것은? '넉넉하게 제대로 먹지 못하다 '이면 1, '덜 익은 음식을 미리 먹다 '이면 2, '보살피는 사람이 없이 제멋대로 자라다 '이면 3라고 대답해.","예, '설먹다'의 뜻은 2번입니다. '설먹다'는 덜 익은 음식을 미리 먹거나, 보살핌을 받지 못하고 제멋대로 자라는 것을 의미합니다.",0
ko_quiz_7,284,kullm12.8b,"'궁싯거리다'의 뜻으로 알맞은 것은? '잠이 오지 아니하여 누워서 몸을 이리저리 뒤척거리다 '이면 1, '갈피를 잡지 못하고 이리저리 헤매다 '이면 2, '궁상이 드러나 보이도록 행동하다 '이면 3라고 대답해.",1. 몸을 이리저리 뒤척이다.2. 갈피를 잡지 못하고 이리저리 헤매다.3. 궁상이 드러날 정도로 행동하다.,0
ko_quiz_7,286,kullm12.8b,"'난달'의 뜻으로 알맞은 것은? '길이 여러 갈래로 통한 곳 '이면 1, '여러 가지 것에 두루 통달함 '이면 2, '지긋지긋하게 몹시 싫은 생각 '이면 3라고 대답해.",1. 다방면에 능통함2. 지긋지긋하게 싫음3. 여러 가지 방향으로 뚫린 곳4. 길이 여러 갈래로 뻗은 곳,0
ko_quiz_7,288,kullm12.8b,"'언덕밥'의 뜻으로 알맞은 것은? '한쪽은 질게, 다른 쪽은 되게 지은 밥 '이면 1, '아주 되게 지어져 고들고들한 밥 '이면 2, '옥에 갇힌 죄수에게 몰래 들여보내던 밥 '이면 3라고 대답해.",1. 언덕밥 (O),1
ko_quiz_7,289,kullm12.8b,"'떨쳐입다'의 뜻으로 알맞은 것은? '드러나게 차려입다 '이면 1, '다른 옷으로 바꾸어 입다 '이면 2, '옷을 되는대로 마구 입다 '이면 3라고 대답해.","정답은 3입니다. '입다'의 '입히다'의 의미는 옷을 몸에 '입히다'는 뜻으로, 옷을 몸에 입히는 것입니다.",0
ko_quiz_7,290,kullm12.8b,"한 번 끓어오르는 모양을(를) 뜻하는 우리말은? '한소끔 '이면 1, '해말끔 '이면 2, '서로끔 '이면 3라고 대답해.","'한소끔'은 1, '해말끔'은 2, '서로끔'은 3으로 생각해 볼 수 있습니다.",0
ko_quiz_7,291,kullm12.8b,"하다 "" 중 사람의 됨됨이가 가볍지 않고 점잖아서 무게가 있다을(를) 뜻하는 우리말은? '드레지다 '이면 1, '무겁디무겁다 '이면 2, '과중하다 '이면 3라고 대답해.","혼란을 드려 죄송합니다. ""무겁다""와 ""드레지다""라는 두 가지 단어는 모두 무게 또는 무게감과 관련이 있지만 다른 의미를 가진 것으로 보입니다. 무게감은 물건의 무게나 질량의 정도를 의미하며, ""무겁다""는 일반적으로 더 무겁거나 강하거나 큰 것을 나타냅니다. 반면에 ""드레지다""는 우아하거나 세련되고 우아하거나 세련되고 깔끔하거나 깔끔한 것을 의미할 수 있습니다.이 두 단어의 의미가 다른 것처럼 보이는 데에는 다른 문화권에서 유래한 단어이기 때문일 수 있습니다. 하지만 이 두 가지 단어의 의미가 다른 것은 정확하게 한국어와 영어의 차이 때문이 아니라 영어와 다른 언어 간의 차이 때문일 수 있습니다. 따라서 이 두 단어의 정확한 의미는 영어와 다른 언어의 문법과 문화적 차이에 따라 달라질 수 있습니다.",0
ko_quiz_7,292,kullm12.8b,"허술한 데가 없이 야무지고 기운차다을(를) 뜻하는 우리말은? '올차다 '이면 1, '거차다 '이면 2, '알차다 '이면 3라고 대답해.","알차다: 1, 거차다: 2, 알차다: 3",0
ko_quiz_7,293,kullm12.8b,"'머드러기'의 뜻으로 알맞은 것은? '여럿 가운데서 가장 좋은 물건이나 사람 '이면 1, '낟알 껍질에 붙은 껄끄러운 수염 '이면 2, '골라내거나 잘라 내고 남은 나머지 '이면 3라고 대답해.",선택 1: 머드러기 선택 2: 볏짚에서 나온 수염 선택 3: 남은 것들,0
ko_quiz_7,296,kullm12.8b,"단단한 물체 속의 한 부분이 텅 비다을(를) 뜻하는 우리말은? '궁글다 '이면 1, '옹글다 '이면 2, '몽글다 '이면 3라고 대답해.","1. ""동글다""는 공간이나 구획이 완전히 차지 않았다는 뜻입니다.2. ""옹글다""는 공간이나 구획이 완전히 채워졌거나 차지 않았다는 뜻입니다.3. ""뭉글다""는 공간이나 구획이 완전히 채워졌거나 차지 않았다는 뜻입니다.",0
ko_quiz_7,297,kullm12.8b,"'바특하다'의 뜻으로 알맞은 것은? '두 대상이나 물체 사이가 조금 가깝다 '이면 1, '음흉하고 간사하다 '이면 2, '피륙 따위의 바탕이 촘촘하다 '이면 3라고 대답해.",1. 바투2. 음흉한3. 조밀한4. 조밀하다5. 바특하다,0
ko_quiz_7,298,kullm12.8b,"국물이 있는 음식을 이르는 말을(를) 뜻하는 우리말은? '술적심 '이면 1, '술어미 '이면 2, '퇴적심 '이면 3라고 대답해.",1. 술적심 - 국물이 많은 음식 2. 술어미 - 국물이 적고 농도가 높은 음식 3. 퇴적심 - 국물이 적고 농도가 높은 음식,0
ko_quiz_7,299,kullm12.8b,"집 안에서만 입는 옷이나 신는 신발을(를) 뜻하는 우리말은? '든벌 '이면 1, '낱벌 '이면 2, '불벌 '이면 3라고 대답해.",1. 든벌 - 집 안에서만 입는 옷. 2. 낱벌 - 집 안과 밖에서 모두 입을 수 있는 옷. 3. 불벌 - 집 안과 밖에서 모두 사용할 수 없는 신발.,0
ko_quiz_7,300,kullm12.8b,"'둥치'의 뜻으로 알맞은 것은? '큰 나무의 밑동 '이면 1, '짤막하고 단단한 몽둥이 '이면 2, '잎이 다 떨어진 나뭇가지 '이면 3라고 대답해.","3번 옵션은 ""잎이 다 떨어진 나뭇가지""를 의미합니다.",0
ko_quiz_7,301,kullm12.8b,"여러 사람이 음식을 차례로 돌려 가며 내어 함께 먹음을(를) 뜻하는 우리말은? '도르리 '이면 1, '도편수 '이면 2, '도리질 '이면 3라고 대답해.",여러 사람이 음식을 차례로 돌려가며 먹음을 뜻하는 우리말은 '돌림'입니다.,0
ko_quiz_7,302,kullm12.8b,"미처 다 타지 않고 남아 있는 장작개비을(를) 뜻하는 우리말은? '무드러기 '이면 1, '끄트러기 '이면 2, '지스러기 '이면 3라고 대답해.",1. 무드러기 2. 끄트러기 3. 지스러기,0
ko_quiz_7,304,kullm12.8b,"'투그리다'의 뜻으로 알맞은 것은? '싸우려고 으르대며 잔뜩 벼르다 '이면 1, '땅이 가파른 벼랑으로 되어 있다 '이면 2, '형세나 기세를 굽히거나 줄이다 '이면 3라고 대답해.","투그리다는 '소'를 뜻하는 스페인어로, 다음과 같은 다양한 의미를 가지고 있습니다:1. 으르렁거리다, 싸우려고 으르렁거리다2. 가파른 벼랑으로 되어 있다3. 형세나 기세를 줄이다.",0
ko_quiz_7,306,kullm12.8b,"짤막하고 단단한 몽둥이을(를) 뜻하는 우리말은? '몽치 '이면 1, '몽두 '이면 2, '몽짜 '이면 3라고 대답해.","몽치, 몽두, 몽짜 중에서 선택하시면 ""짤막하고 단단한 몽둥이""라는 뜻의 ""몽치""를 추천해 드립니다.",0
ko_quiz_7,307,kullm12.8b,"'귀재다'의 뜻으로 알맞은 것은? '잘못 들은 것이 아닌가 하고 귀를 기울이다 '이면 1, '다른 사람의 말과 자신의 말을 비교하다 '이면 2, '옳고 그름을 분명히 하다 '이면 3라고 대답해.",1. 잘못 들은 것이 아닌가 하고 주의를 기울입니다.2. 다른 사람의 말과 자신의 말을 비교합니다.3. 옳고 그름을 분명히 한다.,0
ko_quiz_7,308,kullm12.8b,"앓는 사람의 시중을 들어 줌을(를) 뜻하는 우리말은? '고수련 '이면 1, '고수선 '이면 2, '고수레 '이면 3라고 대답해.","""고수레""는 다음과 같이 쓰여집니다: 1. 앓는 사람의 시중을 들어주다.2. 앓는 사람을 위해 음식을 준비하다.3. 앓는 사람을 위해 물건을 들다.",0
ko_quiz_7,309,kullm12.8b,"'궁글다'의 뜻으로 알맞은 것은? '단단한 물체 속의 한 부분이 텅 비다 '이면 1, '매우 실속 있고 다부지다 '이면 2, '가루 따위가 미세하고 곱다 '이면 3라고 대답해.",1. 단단하다2. 타이트하고 단단하다3. 매우 집약적이고 견고하다.,0
ko_quiz_7,310,kullm12.8b,"'되술래잡다'의 뜻으로 알맞은 것은? '잘못을 빌어야 할 사람이 도리어 남을 나무라다 '이면 1, '아이를 해산할 달의 다음 달에 낳게 되다 '이면 2, '아무 잘못이나 관계가 없는 사람을 헐뜯거나 죄인으로 몰다 '이면 3라고 대답해.","정답은 3번 '아무 잘못이나 관계가 없는 사람을 헐뜯거나 죄인으로 몰아다'입니다. 이 뜻은 '되술래잡다'로, 술래에게 잡히지 않도록 술래의 주의를 분산시키거나 혼란스럽게 하여 상대방을 따돌리거나 속이는 놀이인 '마술래잡기'를 의미합니다.",0
ko_quiz_7,311,kullm12.8b,"식구가 없어 홀가분한 사람을(를) 뜻하는 우리말은? '단출내기 '이면 1, '여린내기 '이면 2, '잔풀내기 '이면 3라고 대답해.","'홀가분한'을 설명하는 올바른 단어는 '단출하다'입니다. 다음은 단어의 순서를 바꾸어 만든 문장입니다: ""단출한 사람""(1) 또는 ""여린 사람""(2) 또는 ""잔잔한 사람""(3).",0
ko_quiz_7,312,kullm12.8b,"'뿌다구니'의 뜻으로 알맞은 것은? '물체의 삐죽하게 내민 부분 '이면 1, '언짢게 여겨 일어나는 불쾌한 감정 '이면 2, '기를 써서 다투며 욕설을 함 '이면 3라고 대답해.","'뿌다구니'라는 단어는 1번 의미로 사용되는 경우가 가장 많습니다. 이는 물체의 삐죽하게 튀어나온 부분이나 돌출된 부분을 의미합니다. 그러나 3번 의미로 사용되는 경우도 있으며, 이 경우 언짢게 여겨 일어나는 불쾌한 감정을 의미합니다.",0
ko_quiz_7,314,kullm12.8b,"이리저리 굴러다니면서 자는 잠을(를) 뜻하는 우리말은? '돌꼇잠 '이면 1, '도둑잠 '이면 2, '그루잠 '이면 3라고 대답해.",당신이 언급하는 단어의 의미를 정확하게 알 수 있는 더 많은 예시나 정보가 있으면 좋겠습니다.,0
ko_quiz_7,315,kullm12.8b,"'아늘거리다'의 뜻으로 알맞은 것은? '빠르고 가볍게 춤추듯이 잇따라 흔들리다 '이면 1, '춥거나 무서워서 몸이 잇따라 심하게 떨리다 '이면 2, '팔다리 따위가 힘없이 느리게 자꾸 움직이다 '이면 3라고 대답해.",3. 정답은 3. '파르르 떨다' 또는 '파르르 떨다'는 빠르고 가볍게 춤추듯이 잇따라 흔들리거나 흔들리는 동작을 묘사하는 데 사용됩니다. 아른거리다'는 춥거나 무서워서 몸이 잇따라 심하게 흔들리거나 떨리는 상태를 묘사하는 데 사용됩니다.,0
ko_quiz_7,316,kullm12.8b,"차림새 따위가 매우 깨끗하고 헌칠하다을(를) 뜻하는 우리말은? '끌밋하다 '이면 1, '먈쑥하다 '이면 2, '희끔하다 '이면 3라고 대답해.",다음은 제공하신 정보를 바탕으로 나열된 순서의 가능한 우리말 표현입니다:1. 깨끗하다2. 새하얗다3. 새하얗다4. 희끗하다5. 말쑥하다6. 말쑥하다7. 끌밋하다8. 끌밋하다9. 먈쑥하다10. 먈쑥하다,0
ko_quiz_7,317,kullm12.8b,"젖먹이가 두 입술을 떨며 투루루 소리를 내는 짓을(를) 뜻하는 우리말은? '투레질 '이면 1, '투구풀 '이면 2, '투두둑 '이면 3라고 대답해.",1. 투레질 (Two-lip-trembling) 2. 투구풀 (Hairy-side-cutting),0
ko_quiz_7,318,kullm12.8b,"한쪽은 질게, 다른 쪽은 되게 지은 밥을(를) 뜻하는 우리말은? '언덕밥 '이면 1, '고두밥 '이면 2, '구메밥 '이면 3라고 대답해.","언덕밥은 1, 고두밥은 2, 구메밥은 3입니다.",0
ko_quiz_7,320,kullm12.8b,"'열없다'의 뜻으로 알맞은 것은? '겸연쩍고 부끄럽다 '이면 1, '미안하고 부끄러워 떳떳하지 않다 '이면 2, '얼이 빠져 정신이 없다 '이면 3라고 대답해.","'열없다'라는 단어의 뜻을 풀이하자면, '부끄럽고, 무안하거나, 어색하거나, 겸연쩍거나, 미안하거나, 난처하거나, 정신이 없다'로 풀이할 수 있습니다. 이는 '열없다'라는 단어가 한 문장에서 다양한 문맥에서 사용되는 방식을 반영합니다.",0
ko_quiz_7,321,kullm12.8b,"'띠앗'의 뜻으로 알맞은 것은? '형제나 자매 사이의 우애심 '이면 1, '친구 사이의 정 '이면 2, '자식에 대한 부모의 사랑 '이면 3라고 대답해.","3번을 선택합니다. ""띠앗""은 자녀에 대한 부모의 사랑을 의미합니다.",0
ko_quiz_7,322,kullm12.8b,"'우수리'의 뜻으로 알맞은 것은? '물건값을 제하고 거슬러 받는 잔돈 '이면 1, '시장에서 파는 곡식의 값으로 받는 돈 '이면 2, '안 써도 좋을 데에 쓸데없이 쓰는 돈 '이면 3라고 대답해.","3번 옵션은 ""안 써도 좋을 데에 쓸데없이 쓰는 돈""을 의미하므로 정답은 3번입니다.",0
ko_quiz_7,323,kullm12.8b,"도에서 성의 없이 그만두는 모양 "" ""자꾸 게으름을 피우며 놀기만 하는 모양 "" ""남의 말을 잘 듣지 아니하고 엇나가는 모양 "" 중 '반둥건둥'의 뜻으로 알맞은 것은? '중도에서 성의 없이 그만두는 모양 '이면 1, '자꾸 게으름을 피우며 놀기만 하는 모양 '이면 2, '남의 말을 잘 듣지 아니하고 엇나가는 모양 '이면 3라고 대답해.","'반둥건둥'의 의미는 다음과 같습니다: 1, 2, 3번 모두 정답입니다.",0
ko_quiz_7,324,kullm12.8b,"낟알 껍질에 붙은 껄끄러운 수염을(를) 뜻하는 우리말은? '꺼끄러기 '이면 1, '끄트러기 '이면 2, '지스러기 '이면 3라고 대답해.",지스러기,0
ko_quiz_7,325,kullm12.8b,"'마들가리'의 뜻으로 알맞은 것은? '나무의 가지가 없는 줄기 '이면 1, '서로 어긋나게 걸쳐서 차곡차곡 쌓은 더미 '이면 2, '볏단을 십자형으로 더미를 지어 쌓은 볏가리 '이면 3라고 대답해.","정답은 1번, '나무의 가지가 없는 줄기'입니다. ""마들가리""라는 단어는 나무의 줄기나 가지가 없는 나무의 줄기 또는 가지를 뜻합니다. 이 단어는 특히 볏가리처럼 나무를 쌓거나 쌓은 더미를 지칭할 때 일반적으로 사용됩니다.",1
ko_quiz_7,326,kullm12.8b,"드러나게 차려입다을(를) 뜻하는 우리말은? '떨쳐입다 '이면 1, '걷어입다 '이면 2, '언걸입다 '이면 3라고 대답해.",1. 떨쳐 입다 2. 걷어 입다 3. 얼어 입다 4. 걸어 입다,0
ko_quiz_7,327,kullm12.8b,"'두남받다'의 뜻으로 알맞은 것은? '남다른 도움이나 사랑을 받다 '이면 1, '위에서 아래로 향하여 받다 '이면 2, '남을 억지로 자기에게 복종시키다 '이면 3라고 대답해.",1. 남다른 도움이나 사랑을 받다.2. 위에서 아래로 향하여 받다.3. 남을 억지로 자기에게 복종시키다.,0
ko_quiz_7,328,kullm12.8b,"'꾸미'의 뜻으로 알맞은 것은? '국이나 찌개에 넣는 고기붙이 '이면 1, '돼지 고기를 이르는 말 '이면 2, '곱게 이긴 뒤에 고기 '이면 3라고 대답해.",3,0
ko_quiz_7,329,kullm12.8b,"'우듬지'의 뜻으로 알맞은 것은? '나무의 꼭대기 줄기 '이면 1, '어린 나무로 이루어진 숲 '이면 2, '가파르고 좁은 산골짜기 '이면 3라고 대답해.",주어진 옵션 중에서 우듬지는 3번 옵션입니다.,0
ko_quiz_7,331,kullm12.8b,"'짓먹다'의 뜻으로 알맞은 것은? '지나치게 많이 먹다 '이면 1, '서로 어울러서 함께 먹다 '이면 2, '마음을 느긋하게 가지다 '이면 3라고 대답해.","정답은 2번입니다: '서로 어울리다, 함께 먹다'입니다.",0
ko_quiz_7,332,kullm12.8b,"무엇이든지 잘 아는 체하는 사람을(를) 뜻하는 우리말은? '안다니 '이면 1, '시치미 '이면 2, '매나니 '이면 3라고 대답해.","우리말에서 ""이것저것 잘 아는 체하는 사람""을 뜻하는 단어는 ""시치미를 떼다""입니다.",0
ko_quiz_7,333,kullm12.8b,"밤이나 도토리 따위의 속껍질을(를) 뜻하는 우리말은? '보늬 '이면 1, '갈삭 '이면 2, '나께 '이면 3라고 대답해.",도토리나 밤 껍질의 속껍질을 의미하는 우리말은 다음과 같습니다: 1. 보늬 2. 갈삭 3. 나께,0
ko_quiz_7,335,kullm12.8b,"여럿이 모두 있는 대로을(를) 뜻하는 우리말은? '갖추갖추 '이면 1, '거충거충 '이면 2, '거칫거칫 '이면 3라고 대답해.","여럿이 모두 갖추어져 있는 상태를 의미하는 우리말은 ""거충거충""입니다.",0
ko_quiz_7,337,kullm12.8b,"값을 깎는 일을(를) 뜻하는 우리말은? '에누리 '이면 1, '겨누리 '이면 2, '제누리 '이면 3라고 대답해.","우리말에서 '에누리'는 1을 의미하고, '겨누리'는 2를 의미하며, '제누리'는 3을 의미합니다.",0
ko_quiz_7,339,kullm12.8b,"매우 단단하고 힘이 세다을(를) 뜻하는 우리말은? '꺽세다 '이면 1, '걱세다 '이면 2, '까세다 '이면 3라고 대답해.","""단단하고 힘이 세다""라는 우리말을 표현하는 방법에는 ""꺽세다"", ""꺽세다"", ""까세다""가 있습니다.각 표현은 ""단단하고 강하다""라는 개념을 나타냅니다.1. ""꺽세다""는 ""단단하고 강하다""라는 뜻으로, 강하고 튼튼하다는 의미를 가진 ""꺽쇠""라는 단어의 변형입니다.2. ""꺽세다""는 ""단단하고 강하다""라는 뜻으로, ""꺽쇠""라는 단어의 변형으로 ""꺽쇠""라는 단어는 강하고 튼튼하다는 의미를 가진 ""꺽쇠""라는 단어의 변형입니다.3. ""까세다""는 ""단단하고 강하다""라는 뜻으로, 강하고 튼튼하다는 의미를 가진 ""꺽쇠""라는 단어의 변형입니다.이는 서로 다른 단어나 표현이지만 모두 ""단단하고 힘이 세다""라는 개념을 전달합니다.",0
ko_quiz_7,340,kullm12.8b,"'더펄이'의 뜻으로 알맞은 것은? '성미가 침착하지 못하고 덜렁대는 사람 '이면 1, '촐랑거리며 조심성 없이 함부로 행동하는 사람 '이면 2, '말이나 행동이 얌전하지 못하고 덜렁거리는 여자 '이면 3라고 대답해.",3,0
ko_quiz_7,341,kullm12.8b,"아기가 곱게 자는 모양을(를) 뜻하는 우리말은? '소록소록 '이면 1, '노근노근 '이면 2, '애면글면 '이면 3라고 대답해.",1. 노곤노곤2. 곤히 잠들다3. 두근두근4. 달콤하게5. 꿈결처럼,0
ko_quiz_7,342,kullm12.8b,"'포갬포갬'의 뜻으로 알맞은 것은? '물건 따위를 겹쳐 놓는 모양 '이면 1, '먹을 것이 풍족하여 즐겁게 지냄 '이면 2, '매우 보드랍고 따뜻한 느낌 '이면 3라고 대답해.","정답은 1번, '포갬'입니다. '포갬'은 물건 따위를 겹쳐 놓는 모양을 의미하며, '먹을 것이 풍부하여 즐겁게 지내는 모양'이라는 뜻을 가진 단어는 없습니다.",1
ko_quiz_7,344,kullm12.8b,"제철에 뒤져 맞지 아니하다을(를) 뜻하는 우리말은? '철겹다 '이면 1, '철없다 '이면 2, '철찾다 '이면 3라고 대답해.","3번, '철찾다'는 '찾다'와 '철'이 결합하여 철을 찾는다는 의미를 가지고 있습니다. 이는 철의 생산이나 찾기와 관련된 작업을 나타내는 데 사용됩니다.",0
