task_name,index,prompt,answer,attribute
spelling_correct,0,"내가 다음에 제공하는 문장의 맞춤법을 교정한 후 전체 문장을 [ ] 로 감싸서 출력해줘. 나는 학교에 있는 모든 과목중에 체육을 가장 좋아한다. 왜냐하면 체육은 쓰지도 않고 머리도 안써도 되는 아주 독특하고 특별한 과목이다. 그리고 시험도 많이 안보고 시험을 본다고 해도 다 몸으로 동작을 한다. 나는 몸으로 하는것이 좋기 때문이다. 국어는 쓰는 것이 싫지만 책을 읽거나 이야기 하는 건 좋다. 하지만 발표는 싫다. 수학은 생각하고 외우고 계산하는 것이 싫고 도형에 관련되어있는것은 재미있다. 또 과학은 실험하고 관찰하고 재미있지만, 단원평가같은 시험이나 실험관찰에 작성하는 것은 별로 좋기 않다. 음악은 국악만 배우고 k-pop이나 다른 장르는 배우지 않아 한쪽에만 치우쳐서 흥미가 떨어지고 미술은 그나마 괜찮은 편이다. 
 그래서 나는 체육을 좋아한다.","나는 학교에 있는 모든 과목 중에 체육을 가장 좋아한다. 왜냐하면 체육은 쓰지도 않고 머리도 안 써도 되는 아주 독특하고 특별한 과목이다. 그리고 시험도 많이 안 보고 시험을 본다고 해도 다 몸으로 동작을 한다. 나는 몸으로 하는 것이 좋기 때문이다. 국어는 쓰는 것이 싫지만 책을 읽거나 이야기하는 건 좋다. 하지만 발표는 싫다. 수학은 생각하고 외우고 계산하는 것이 싫고 도형에 관련되어 있는 것은 재미있다. 또 과학은 실험하고 관찰하고 재미있지만, 단원평가 같은 시험이나 실험관찰에 작성하는 것은 별로 좋기 않다. 음악은 국악만 배우고 k-pop이나 다른 장르는 배우지 않아 한쪽에만 치우쳐서 흥미가 떨어지고 미술은 그나마 괜찮은 편이다.  그래서 나는 체육을 좋아한다.",설명글
spelling_correct,1,"내가 다음에 제공하는 문장의 맞춤법을 교정한 후 전체 문장을 [ ] 로 감싸서 출력해줘. 제가 생각하는 예절은
 첫째, 부모님께 존댓말을 사용하는 것 입니다. 부모님은 웃어른이기 때문에 존댓말을 사용해야 합니다. 어떤 아이들은 부탁하거나 잘못했을때에만 존댓말을 쓰는데 그러지 않고 항상 웃어른인 부모님께는 존댓말을 사용해야 합니다.
  
 둘째, 아이들에게도 존댓말을 쓰며 예의를 지켜야 합니다. 왜냐하면 처음 보는 어른들이 아이들에게 반말을 쓰면 기분이 않좋기 때문에 아이들에게도 똑같이 예의를 지키며 존댓말을 써야 합니다.
 
 셋째, 친구들에게 심한장난과 욕을 쓰지 맙시다. 친구들에게 욕과 심한장난을 치면 기분이 나쁠수 있기 때문에 친구들에게 고운말을 써야합니다.","제가 생각하는 예절은 첫째, 부모님께 존댓말을 사용하는 것입니다. 부모님은 웃어른이기 때문에 존댓말을 사용해야 합니다. 어떤 아이들은 부탁하거나 잘못했을 때에만 존댓말을 쓰는데 그러지 않고 항상 웃어른인 부모님께는 존댓말을 사용해야 합니다.   둘째, 아이들에게도 존댓말을 쓰며 예의를 지켜야 합니다. 왜냐하면 처음 보는 어른들이 아이들에게 반말을 쓰면 기분이 안 좋기 때문에 아이들에게도 똑같이 예의를 지키며 존댓말을 써야 합니다.  셋째, 친구들에게 심한 장난과 욕을 쓰지 맙시다. 친구들에게 욕과 심한 장난을 치면 기분이 나쁠 수 있기 때문에 친구들에게 고운 말을 써야 합니다.",설명글
spelling_correct,2,"내가 다음에 제공하는 문장의 맞춤법을 교정한 후 전체 문장을 [ ] 로 감싸서 출력해줘. 반려동물을 유기하는 것은 예전이나 지금이나 별로 차이가 나지 않는다.
 반려동물도 생명이기 때문에 유기하면안됀다 이럴때 나오는 말은 입장바꿔 생각하자이다.
 이제부터 반려동물을 유기를 방지하기위해 필요한 일을 얘기해 주겠습니다.
 첫번째 반려동물이 생기면 무조건 내장칩을 하는 것이다. 내장칩을 하면 유기를 했어도 내장칩을 이용해 주인을찾을 수 있다. 그러면 경찰에 잡히기때문에 유기를 하지 않을 것이다.
 두번째 한달에 3~4번 찾아가기이다이렇게 찾아가서 어떻게 지내는지 아니면 주인이 초보일 경우 조언을 해주는거다. 그러면 자신을 감시한다고 생가할거기 때문에 반려동물을 유기하지 않을 것이다.",반려동물을 유기하는 것은 예전이나 지금이나 별로 차이가 나지 않는다. 반려동물도 생명이기 때문에 유기하면 안 된다 이럴 때 나오는 말은 입장 바꿔 생각하 자이다. 이제부터 반려동물을 유기를 방지하기 위해 필요한 일을 얘기해 주겠습니다. 첫 번째 반려동물이 생기면 무조건 내장 칩을 하는 것이다. 내장 칩을 하면 유기를 했어도 내장 칩을 이용해 주인을 찾을 수 있다. 그러면 경찰에 잡히기 때문에 유기를 하지 않을 것이다. 두 번째 한 달에 3~4번 찾아가기이다 이렇게 찾아가서 어떻게 지내는지 아니면 주인이 초보일 경우 조언을 해주는 거다. 그러면 자신을 감시한다고 생각할 거기 때문에 반려동물을 유기하지 않을 것이다.,대안제시
spelling_correct,3,"내가 다음에 제공하는 문장의 맞춤법을 교정한 후 전체 문장을 [ ] 로 감싸서 출력해줘. 북한과남한이서로통일하였으면 좋겠다고 생각합니다. 왜냐하면 한나라와 한나라는 한나례였습니다. 남한과북한은 서로 만나게 되면 북한사람들은 더욱 좋을것같습니다. 북한은 아직도 여전히 물건들이 발전되지 않았지만 남한은 자동차, 히터, 에어컨등이 발전되었지만북한은 아직 많은발명품들이 생겨나지않습니다. 6.25전쟁이시작되고 아직은 휴전이지만 많은피해가 가는것 보단 화해하는게 더 좋을것 같다고생각합니다. 지금화해하면서로좋은직업, 문화, 발명품등을 나눌수있지않나싶습니다. 하지만이모든걸정반대할수도있지만 정반대하면 못바꾸지만왠만하면 통일하는게좋다고 생각합니다.","북한과 남한이 서로 통일하였으면 좋겠다고 생각합니다. 왜냐하면 한나라와 한나라는 한 나례였습니다. 남한과 북한은 서로 만나게 되면 북한 사람들은 더욱 좋을 것 같습니다. 북한은 아직도 여전히 물건들이 발전되지 않았지만 남한은 자동차, 히터, 에어컨 등이 발전되었지만 북한은 아직 많은 발명품들이 생겨나지 않습니다. 6.25전쟁이 시작되고 아직은 휴전이지만 많은 피해가 가는 것보단 화해하는 게 더 좋을 것 같다고 생각합니다. 지금 화해하면 서로 좋은 직업, 문화, 발명품 등을 나눌 수 있지 않나 싶습니다. 하지만 이 모던 걸 정반대할 수도 있지만 정반대하면 못 바꾸지만 웬만하면 통일하는 게 좋다고 생각합니다.",찬성반대
spelling_correct,4,"내가 다음에 제공하는 문장의 맞춤법을 교정한 후 전체 문장을 [ ] 로 감싸서 출력해줘. 우리는 매일하는행동이 다 똑같습니다. TV를 켜고 휴대폰을 만지고 에어컨을 키고 이불을 덥고 이렇게한다면 에너지는 어떻게 될까요? 
 첫째, 우리 환경이 나빠집니다. 에너지를 절약하는 방법을 모르겠다고요?  에너지를 절약하는방법은 간단합니다. 안쓰는 코드는 빼주세요. 에어컨을 틀고 추우면 꺼주세요. 이렇게 실천하면서 우리환경을 지킵시다.
 둘째, 에너지 폭팔위험
우리가 에너지를 절약하지 않으면 에너지가 폭팔위험이 있습니다. 그런말이 있죠? ""밤에 창문닫고 선풍기틀고 자면 죽는다""라는 말이있어요. 우리나라 환경과 에너지폭팔위험을 지킬려면 우리가 에너지를 절약해일피요, 에너지를 절약하는 우리나라 사람이 됩시다.","우리는 매일 하는 행동이 다 똑같습니다. TV를 켜고 휴대폰을 만지고 에어컨을 켜고 이불을 덮고 이렇게 한다면 에너지는 어떻게 될까요?  첫째, 우리 환경이 나빠집니다. 에너지를 절약하는 방법을 모르겠다고요?  에너지를 절약하는 방법은 간단합니다. 안 쓰는 코드는 빼주세요. 에어컨을 틀고 추우면 꺼주세요. 이렇게 실천하면서 우리 환경을 지킵시다. 둘째, 에너지 폭발 위험우리가 에너지를 절약하지 않으면 에너지가 폭발 위험이 있습니다. 그런 말이 있죠? ""밤에 창문 닫고 선풍기 틀고 자면 죽는다""라는 말이 있어요. 우리나라 환경과 에너지 폭발 위험을 지키려면 우리가 에너지를 절약해일 피요, 에너지를 절약하는 우리나라 사람이 됩시다.",찬성반대
