task_name,index,result,model_name
ko_quiz_6,0,2,gpt-3.5-turbo
ko_quiz_6,1,1,gpt-3.5-turbo
ko_quiz_6,2,1,gpt-3.5-turbo
ko_quiz_6,3,1,gpt-3.5-turbo
ko_quiz_6,4,2,gpt-3.5-turbo
ko_quiz_6,5,2,gpt-3.5-turbo
ko_quiz_6,6,1,gpt-3.5-turbo
ko_quiz_6,7,2,gpt-3.5-turbo
ko_quiz_6,8,2,gpt-3.5-turbo
ko_quiz_6,9,2,gpt-3.5-turbo
ko_quiz_6,10,1,gpt-3.5-turbo
ko_quiz_6,11,1,gpt-3.5-turbo
ko_quiz_6,12,1,gpt-3.5-turbo
ko_quiz_6,13,1,gpt-3.5-turbo
ko_quiz_6,14,1,gpt-3.5-turbo
ko_quiz_6,15,2,gpt-3.5-turbo
ko_quiz_6,16,1,gpt-3.5-turbo
ko_quiz_6,17,2,gpt-3.5-turbo
ko_quiz_6,18,2,gpt-3.5-turbo
ko_quiz_6,19,1,gpt-3.5-turbo
ko_quiz_6,20,1,gpt-3.5-turbo
ko_quiz_6,21,2,gpt-3.5-turbo
ko_quiz_6,22,1,gpt-3.5-turbo
ko_quiz_6,23,2,gpt-3.5-turbo
ko_quiz_6,24,2,gpt-3.5-turbo
ko_quiz_6,25,1,gpt-3.5-turbo
ko_quiz_6,26,2,gpt-3.5-turbo
ko_quiz_6,27,1,gpt-3.5-turbo
ko_quiz_6,28,1,gpt-3.5-turbo
ko_quiz_6,29,1,gpt-3.5-turbo
ko_quiz_6,30,1,gpt-3.5-turbo
ko_quiz_6,31,1,gpt-3.5-turbo
ko_quiz_6,32,1,gpt-3.5-turbo
ko_quiz_6,33,'러키 세븐'이 옳은 표기면 1입니다.,gpt-3.5-turbo
ko_quiz_6,34,2,gpt-3.5-turbo
ko_quiz_6,35,2,gpt-3.5-turbo
ko_quiz_6,36,2,gpt-3.5-turbo
ko_quiz_6,37,1,gpt-3.5-turbo
ko_quiz_6,38,3,gpt-3.5-turbo
ko_quiz_6,39,1,gpt-3.5-turbo
ko_quiz_6,40,1,gpt-3.5-turbo
ko_quiz_6,41,1,gpt-3.5-turbo
ko_quiz_6,42,2,gpt-3.5-turbo
ko_quiz_6,43,1,gpt-3.5-turbo
ko_quiz_6,44,1,gpt-3.5-turbo
ko_quiz_6,45,1,gpt-3.5-turbo
ko_quiz_6,46,1,gpt-3.5-turbo
ko_quiz_6,47,2,gpt-3.5-turbo
ko_quiz_6,48,2,gpt-3.5-turbo
ko_quiz_6,49,2,gpt-3.5-turbo
ko_quiz_6,50,1,gpt-3.5-turbo
ko_quiz_6,51,1,gpt-3.5-turbo
ko_quiz_6,52,1,gpt-3.5-turbo
ko_quiz_6,53,2,gpt-3.5-turbo
ko_quiz_6,54,2,gpt-3.5-turbo
ko_quiz_6,55,1,gpt-3.5-turbo
ko_quiz_6,56,2,gpt-3.5-turbo
ko_quiz_6,57,1,gpt-3.5-turbo
ko_quiz_6,58,2,gpt-3.5-turbo
ko_quiz_6,59,2,gpt-3.5-turbo
ko_quiz_6,60,1,gpt-3.5-turbo
ko_quiz_6,61,1,gpt-3.5-turbo
ko_quiz_6,62,2,gpt-3.5-turbo
ko_quiz_6,63,2,gpt-3.5-turbo
ko_quiz_6,64,1,gpt-3.5-turbo
ko_quiz_6,65,2,gpt-3.5-turbo
ko_quiz_6,66,1,gpt-3.5-turbo
ko_quiz_6,67,1,gpt-3.5-turbo
ko_quiz_6,68,2,gpt-3.5-turbo
ko_quiz_6,69,1,gpt-3.5-turbo
ko_quiz_6,70,1,gpt-3.5-turbo
ko_quiz_6,71,'가디건 '가 옳은 표기면 2.,gpt-3.5-turbo
ko_quiz_6,72,2,gpt-3.5-turbo
ko_quiz_6,73,3,gpt-3.5-turbo
ko_quiz_6,74,1,gpt-3.5-turbo
ko_quiz_6,75,1,gpt-3.5-turbo
ko_quiz_6,76,2,gpt-3.5-turbo
ko_quiz_6,77,2,gpt-3.5-turbo
ko_quiz_6,78,1,gpt-3.5-turbo
ko_quiz_6,79,1,gpt-3.5-turbo
ko_quiz_6,80,1,gpt-3.5-turbo
ko_quiz_6,81,1,gpt-3.5-turbo
ko_quiz_6,82,2,gpt-3.5-turbo
ko_quiz_6,83,1,gpt-3.5-turbo
ko_quiz_6,84,1,gpt-3.5-turbo
ko_quiz_6,85,1,gpt-3.5-turbo
ko_quiz_6,86,2,gpt-3.5-turbo
ko_quiz_6,87,1,gpt-3.5-turbo
ko_quiz_6,88,2,gpt-3.5-turbo
ko_quiz_6,89,2,gpt-3.5-turbo
ko_quiz_6,90,1,gpt-3.5-turbo
ko_quiz_6,91,1,gpt-3.5-turbo
ko_quiz_6,92,'링겔'이 올바른 표기입니다.,gpt-3.5-turbo
ko_quiz_6,93,1,gpt-3.5-turbo
ko_quiz_6,94,2,gpt-3.5-turbo
ko_quiz_6,95,1,gpt-3.5-turbo
ko_quiz_6,96,2,gpt-3.5-turbo
ko_quiz_6,97,2,gpt-3.5-turbo
ko_quiz_6,98,1,gpt-3.5-turbo
ko_quiz_6,99,1,gpt-3.5-turbo
ko_quiz_6,100,1,gpt-3.5-turbo
ko_quiz_6,101,1,gpt-3.5-turbo
ko_quiz_6,102,1,gpt-3.5-turbo
ko_quiz_6,103,1,gpt-3.5-turbo
ko_quiz_6,104,2,gpt-3.5-turbo
ko_quiz_6,105,2,gpt-3.5-turbo
ko_quiz_6,106,2,gpt-3.5-turbo
ko_quiz_6,107,2,gpt-3.5-turbo
ko_quiz_6,108,1,gpt-3.5-turbo
ko_quiz_6,109,2,gpt-3.5-turbo
ko_quiz_6,110,1,gpt-3.5-turbo
ko_quiz_6,111,2,gpt-3.5-turbo
ko_quiz_6,112,1,gpt-3.5-turbo
ko_quiz_6,113,1,gpt-3.5-turbo
ko_quiz_6,114,3,gpt-3.5-turbo
ko_quiz_6,115,3,gpt-3.5-turbo
ko_quiz_6,116,2,gpt-3.5-turbo
ko_quiz_6,117,1,gpt-3.5-turbo
ko_quiz_6,118,3,gpt-3.5-turbo
ko_quiz_6,119,1,gpt-3.5-turbo
ko_quiz_6,120,1,gpt-3.5-turbo
ko_quiz_6,121,2,gpt-3.5-turbo
ko_quiz_6,122,2,gpt-3.5-turbo
ko_quiz_6,123,1,gpt-3.5-turbo
ko_quiz_6,124,3,gpt-3.5-turbo
ko_quiz_6,125,2,gpt-3.5-turbo
ko_quiz_6,126,1,gpt-3.5-turbo
ko_quiz_6,127,1,gpt-3.5-turbo
ko_quiz_6,128,1,gpt-3.5-turbo
ko_quiz_6,129,1,gpt-3.5-turbo
ko_quiz_6,130,1,gpt-3.5-turbo
ko_quiz_6,131,1,gpt-3.5-turbo
ko_quiz_6,132,2,gpt-3.5-turbo
ko_quiz_6,133,'뉘앙스'가 옳은 표기면 1.,gpt-3.5-turbo
ko_quiz_6,134,1,gpt-3.5-turbo
ko_quiz_6,135,3,gpt-3.5-turbo
ko_quiz_6,136,1,gpt-3.5-turbo
ko_quiz_6,137,2,gpt-3.5-turbo
ko_quiz_6,138,1,gpt-3.5-turbo
ko_quiz_6,139,1,gpt-3.5-turbo
ko_quiz_6,140,1,gpt-3.5-turbo
ko_quiz_6,141,1,gpt-3.5-turbo
ko_quiz_6,142,2,gpt-3.5-turbo
ko_quiz_6,143,1,gpt-3.5-turbo
ko_quiz_6,144,2,gpt-3.5-turbo
ko_quiz_6,145,2,gpt-3.5-turbo
ko_quiz_6,146,1,gpt-3.5-turbo
ko_quiz_6,147,1,gpt-3.5-turbo
ko_quiz_6,148,2,gpt-3.5-turbo
ko_quiz_6,149,2,gpt-3.5-turbo
ko_quiz_6,150,1,gpt-3.5-turbo
ko_quiz_6,151,1,gpt-3.5-turbo
ko_quiz_6,152,1,gpt-3.5-turbo
ko_quiz_6,153,1,gpt-3.5-turbo
ko_quiz_6,154,2,gpt-3.5-turbo
ko_quiz_6,155,2,gpt-3.5-turbo
ko_quiz_6,156,팡파르과 팡파레는 모두 올바른 표기입니다. 하지만 빵파레는 올바르지 않은 표기입니다. 따라서 답은 1입니다.,gpt-3.5-turbo
ko_quiz_6,157,2,gpt-3.5-turbo
ko_quiz_6,158,1,gpt-3.5-turbo
